date,campaign_id,campaign_name,campaign_profile,channel,region,device,impressions,clicks,conversions,spend,revenue,budget,ctr_sql,cvr_sql,cpa_sql,roi_sql,budget_utilization,anomaly_flag,rolling_spend_mean_7,rolling_ctr_mean_7,rolling_cvr_mean_7,rolling_roi_mean_7,spend_spike_flag,ctr_drop_flag,cvr_drop_flag,negative_roi_flag,python_anomaly_score,python_anomaly_label
2024-01-01,1,Campaign_1,unstable,Display,West,Mobile,23964,1623,128,1379.49,9234.87,1632.53,0.0677,0.0789,10.78,5.69,0.845,,,,,,0,0,0,0,0,Normal
2024-01-02,1,Campaign_1,unstable,Display,West,Mobile,12769,992,132,695.56,14448.03,872.49,0.0777,0.1331,5.27,19.77,0.7972,,,,,,0,0,0,0,0,Normal
2024-01-03,1,Campaign_1,unstable,Display,West,Mobile,20666,1424,64,1620.82,4201.3,1967.7,0.0689,0.0449,25.33,1.59,0.8237,,1231.9566666666667,0.07143333333333333,0.08563333333333334,9.016666666666667,0,0,1,0,1,Moderate
2024-01-04,1,Campaign_1,unstable,Display,West,Mobile,13267,894,31,1440.52,1610.04,1790.75,0.0674,0.0347,46.47,0.12,0.8044,,1284.0974999999999,0.070425,0.07289999999999999,6.7925,0,0,1,0,1,Moderate
2024-01-05,1,Campaign_1,unstable,Display,West,Mobile,20433,1038,32,1086.1,1819.9,1380.23,0.0508,0.0308,33.94,0.68,0.7869,,1244.498,0.0665,0.06448000000000001,5.57,0,0,1,0,1,Moderate
2024-01-06,1,Campaign_1,unstable,Display,West,Mobile,20226,1875,109,3175.84,6738.36,3906.34,0.0927,0.0581,29.14,1.12,0.813,,1566.3883333333333,0.07086666666666668,0.06341666666666666,4.828333333333334,1,0,0,0,1,Moderate
2024-01-07,1,Campaign_1,unstable,Display,West,Mobile,24990,2183,173,2822.02,18141.84,3617.32,0.0874,0.0792,16.31,5.43,0.7801,,1745.7642857142857,0.07322857142857143,0.06567142857142858,4.914285714285714,0,0,0,0,0,Normal
2024-01-08,1,Campaign_1,unstable,Display,West,Mobile,13016,1261,154,2296.26,11977.88,2862.72,0.0969,0.1221,14.91,4.22,0.8021,,1876.7314285714288,0.07740000000000001,0.07184285714285714,4.704285714285715,0,0,0,0,0,Normal
2024-01-09,1,Campaign_1,unstable,Display,West,Mobile,19208,839,40,606.98,2785.52,727.6,0.0437,0.0477,15.17,3.59,0.8342,,1864.077142857143,0.07254285714285715,0.05964285714285715,2.392857142857143,0,1,0,0,1,Moderate
2024-01-10,1,Campaign_1,unstable,Display,West,Mobile,18736,1440,168,2316.87,17613.3,2925.67,0.0769,0.1167,13.79,6.6,0.7919,,1963.5128571428572,0.07368571428571428,0.06989999999999999,3.108571428571428,0,0,0,0,0,Normal
2024-01-11,1,Campaign_1,unstable,Display,West,Mobile,25067,1164,43,1357.78,2698.8,1741.22,0.0464,0.0369,31.58,0.99,0.7798,,1951.6928571428573,0.07068571428571428,0.07021428571428572,3.2328571428571427,0,1,1,0,2,Moderate
2024-01-12,1,Campaign_1,unstable,Display,West,Mobile,17056,863,118,1703.02,10681.49,1973.79,0.0506,0.1367,14.43,5.27,0.8628,,2039.8242857142857,0.07065714285714285,0.08534285714285714,3.8885714285714283,0,0,0,0,0,Normal
2024-01-13,1,Campaign_1,unstable,Display,West,Mobile,12206,661,21,569.67,886.2,717.27,0.0542,0.0318,27.13,0.56,0.7942,,1667.5142857142857,0.06515714285714286,0.08158571428571429,3.8085714285714283,0,0,1,0,1,Moderate
2024-01-14,1,Campaign_1,unstable,Display,West,Mobile,26820,1071,80,1963.49,4481.27,2197.63,0.0399,0.0747,24.54,1.28,0.8935,,1544.8671428571429,0.058371428571428574,0.08094285714285714,3.2157142857142853,0,1,0,0,1,Moderate
2024-01-15,1,Campaign_1,unstable,Display,West,Mobile,22817,1596,99,1369.75,7123.78,1680.21,0.0699,0.062,13.84,4.2,0.8152,,1412.5085714285713,0.0545142857142857,0.07235714285714287,3.2128571428571426,0,0,0,0,0,Normal
2024-01-16,1,Campaign_1,unstable,Display,West,Mobile,22230,2038,132,1763.03,7386.12,2154.68,0.0917,0.0648,13.36,3.19,0.8182,,1577.6585714285716,0.06137142857142857,0.0748,3.1557142857142857,0,0,0,0,0,Normal
2024-01-17,1,Campaign_1,unstable,Display,West,Mobile,19526,647,57,923.43,5042.82,1077.97,0.0331,0.0881,16.2,4.46,0.8566,,1378.5957142857144,0.05511428571428571,0.07071428571428572,2.8500000000000005,0,1,0,0,1,Moderate
2024-01-18,1,Campaign_1,unstable,Display,West,Mobile,29879,2278,159,4915.18,17072.04,5716.09,0.0762,0.0698,30.91,2.47,0.8599,,1886.7957142857142,0.05937142857142857,0.07541428571428573,3.0614285714285714,1,0,0,0,1,Moderate
2024-01-19,1,Campaign_1,unstable,Display,West,Mobile,29082,1999,170,1553.66,10115.89,2061.81,0.0687,0.085,9.14,5.51,0.7535,,1865.4585714285715,0.06195714285714286,0.06802857142857142,3.095714285714286,0,0,0,0,0,Normal
2024-01-20,1,Campaign_1,unstable,Display,West,Mobile,17791,1142,108,937.9,7114.59,1088.47,0.0642,0.0946,8.68,6.59,0.8617,,1918.0628571428572,0.06338571428571428,0.077,3.9571428571428577,0,0,0,0,0,Normal
2024-01-21,1,Campaign_1,unstable,Display,West,Mobile,19777,1397,124,1167.1,12210.43,1377.41,0.0706,0.0888,9.41,9.46,0.8473,,1804.292857142857,0.06777142857142857,0.07901428571428572,5.125714285714286,0,0,0,0,0,Normal
2024-01-22,1,Campaign_1,unstable,Display,West,Mobile,29043,1338,72,2363.88,6959.89,2926.73,0.0461,0.0538,32.83,1.94,0.8077,,1946.3114285714287,0.06437142857142857,0.07784285714285713,4.802857142857143,0,0,0,0,0,Normal
2024-01-23,1,Campaign_1,unstable,Display,West,Mobile,17759,1090,133,1867.75,12164.86,2221.05,0.0614,0.122,14.04,5.51,0.8409,,1961.2714285714285,0.060042857142857134,0.08601428571428571,5.134285714285714,0,0,0,0,0,Normal
2024-01-24,1,Campaign_1,unstable,Display,West,Mobile,28646,2085,249,3195.89,19191.81,3929.17,0.0728,0.1194,12.83,5.01,0.8134,,2285.9085714285716,0.06571428571428571,0.0904857142857143,5.212857142857142,0,0,0,0,0,Normal
2024-01-25,1,Campaign_1,unstable,Display,West,Mobile,19158,902,61,1613.62,6270.66,2132.84,0.0471,0.0676,26.45,2.89,0.7566,,1814.257142857143,0.061557142857142866,0.09017142857142857,5.272857142857142,0,0,0,0,0,Normal
2024-01-26,1,Campaign_1,unstable,Display,West,Mobile,24874,2359,274,4018.51,22097.57,5001.97,0.0948,0.1162,14.67,4.5,0.8034,,2166.3785714285714,0.06528571428571428,0.09462857142857142,5.128571428571429,1,0,0,0,1,Moderate
2024-01-27,1,Campaign_1,unstable,Display,West,Mobile,14961,491,44,853.28,3768.04,986.45,0.0328,0.0896,19.39,3.42,0.865,,2154.29,0.06080000000000001,0.09391428571428571,4.675714285714285,0,1,0,0,1,Moderate
2024-01-28,1,Campaign_1,unstable,Display,West,Mobile,15987,788,88,1403.75,5417.65,1734.52,0.0493,0.1117,15.95,2.86,0.8093,,2188.097142857143,0.057757142857142854,0.09718571428571429,3.7328571428571427,0,0,0,0,0,Normal
2024-01-29,1,Campaign_1,unstable,Display,West,Mobile,29429,1163,159,1499.86,16288.48,1886.5,0.0395,0.1367,9.43,9.86,0.795,,2064.6657142857143,0.05681428571428571,0.10902857142857143,4.864285714285714,0,1,0,0,1,Moderate
2024-01-30,1,Campaign_1,unstable,Display,West,Mobile,19022,1129,58,2013.77,3459.94,2227.39,0.0594,0.0514,34.72,0.72,0.9041,,2085.5257142857145,0.056528571428571435,0.09894285714285714,4.180000000000001,0,0,1,0,1,Moderate
2024-01-31,1,Campaign_1,unstable,Display,West,Mobile,22716,962,122,1752.36,13019.23,2072.49,0.0423,0.1268,14.36,6.43,0.8455,,1879.3071428571427,0.05217142857142857,0.09999999999999999,4.382857142857143,0,0,0,0,0,Normal
2024-02-01,1,Campaign_1,unstable,Display,West,Mobile,12699,1120,69,1430.96,6870.99,1687.43,0.0882,0.0616,20.74,3.8,0.848,,1853.212857142857,0.05804285714285714,0.09914285714285713,4.5128571428571425,0,0,1,0,1,Moderate
2024-02-02,1,Campaign_1,unstable,Display,West,Mobile,12569,1186,44,1201.87,3827.12,1429.82,0.0944,0.0371,27.32,2.18,0.8406,,1450.8357142857142,0.057985714285714286,0.08784285714285714,4.1814285714285715,0,0,1,0,1,Moderate
2024-02-03,1,Campaign_1,unstable,Display,West,Mobile,24249,1922,205,3370.66,13358.7,4085.32,0.0793,0.1067,16.44,2.96,0.8251,,1810.4614285714285,0.06462857142857142,0.09028571428571429,4.115714285714286,1,0,0,0,1,Moderate
2024-02-04,1,Campaign_1,unstable,Display,West,Mobile,22647,2107,181,3059.94,17354.4,3863.15,0.093,0.0859,16.91,4.67,0.7921,,2047.06,0.07087142857142857,0.0866,4.374285714285714,0,0,0,0,0,Normal
2024-02-05,1,Campaign_1,unstable,Display,West,Mobile,25403,1684,131,2876.34,8249.16,3502.77,0.0663,0.0778,21.96,1.87,0.8212,,2243.7,0.07469999999999999,0.07818571428571429,3.2328571428571427,0,0,0,0,0,Normal
2024-02-06,1,Campaign_1,unstable,Display,West,Mobile,21907,506,32,761.85,2011.7,995.71,0.0231,0.0632,23.81,1.64,0.7651,,2064.8542857142857,0.06951428571428571,0.07987142857142858,3.3642857142857143,0,1,0,0,1,Moderate
2024-02-07,1,Campaign_1,unstable,Display,West,Mobile,12876,457,34,799.42,1689.28,953.64,0.0355,0.0744,23.51,1.11,0.8383,,1928.72,0.06854285714285714,0.07238571428571429,2.6042857142857145,0,1,0,0,1,Moderate
2024-02-08,1,Campaign_1,unstable,Display,West,Mobile,20311,846,66,691.76,2757.12,927.42,0.0417,0.078,10.48,2.99,0.7459,,1823.1200000000001,0.0619,0.07472857142857144,2.488571428571429,0,1,0,0,1,Moderate
2024-02-09,1,Campaign_1,unstable,Display,West,Mobile,21204,522,68,711.76,3861.39,880.39,0.0246,0.1303,10.47,4.43,0.8085,,1753.1042857142859,0.05192857142857143,0.08804285714285713,2.81,0,1,0,0,1,Moderate
2024-02-10,1,Campaign_1,unstable,Display,West,Mobile,25184,2427,269,3717.03,22278.7,4478.65,0.0964,0.1108,13.82,4.99,0.8299,,1802.5857142857142,0.05437142857142857,0.08862857142857142,3.1,1,0,0,0,1,Moderate
2024-02-11,1,Campaign_1,unstable,Display,West,Mobile,25284,748,50,626.6,2329.55,738.04,0.0296,0.0668,12.53,2.72,0.849,,1454.9657142857143,0.04531428571428571,0.08589999999999999,2.821428571428572,0,1,0,0,1,Moderate
2024-02-12,1,Campaign_1,unstable,Display,West,Mobile,23151,644,54,908.17,2814.7,1097.49,0.0278,0.0839,16.82,2.1,0.8275,,1173.7985714285714,0.03981428571428571,0.08677142857142858,2.8542857142857145,0,1,0,0,1,Moderate
2024-02-13,1,Campaign_1,unstable,Display,West,Mobile,14849,606,19,1272.69,1426.38,1571.57,0.0408,0.0314,66.98,0.12,0.8098,,1246.7757142857142,0.04234285714285714,0.08222857142857143,2.6371428571428575,0,0,1,0,1,Moderate
2024-02-14,1,Campaign_1,unstable,Display,West,Mobile,17878,1708,214,2826.07,20558.22,3587.11,0.0955,0.1253,13.21,6.27,0.7878,,1536.297142857143,0.050914285714285724,0.0895,3.3742857142857146,1,0,0,0,1,Moderate
2024-02-15,1,Campaign_1,unstable,Display,West,Mobile,17052,1085,144,1387.88,15448.8,1840.8,0.0636,0.1327,9.64,10.13,0.754,,1635.7428571428572,0.05404285714285715,0.09731428571428571,4.394285714285714,0,0,0,0,0,Normal
2024-02-16,1,Campaign_1,unstable,Display,West,Mobile,17726,889,30,1446.74,1906.76,1828.58,0.0502,0.0337,48.22,0.32,0.7912,,1740.74,0.057699999999999994,0.08351428571428572,3.807142857142857,0,0,1,0,1,Moderate
2024-02-17,1,Campaign_1,unstable,Display,West,Mobile,23261,1980,120,1736.95,10652.59,2183.76,0.0851,0.0606,14.47,5.13,0.7954,,1457.8714285714289,0.05608571428571429,0.07634285714285714,3.8271428571428574,0,0,0,0,0,Normal
2024-02-18,1,Campaign_1,unstable,Display,West,Mobile,23657,1274,117,1992.39,10672.2,2323.34,0.0539,0.0918,17.03,4.36,0.8576,,1652.984285714286,0.05955714285714286,0.07991428571428572,4.061428571428571,0,0,0,0,0,Normal
2024-02-19,1,Campaign_1,unstable,Display,West,Mobile,19357,1257,70,2161.75,6425.55,2506.68,0.0649,0.0557,30.88,1.97,0.8624,,1832.067142857143,0.06485714285714286,0.07588571428571429,4.042857142857143,0,0,0,0,0,Normal
2024-02-20,1,Campaign_1,unstable,Display,West,Mobile,20787,1790,116,3657.48,7800.32,4033.14,0.0861,0.0648,31.53,1.13,0.9069,,2172.7514285714287,0.07132857142857142,0.08065714285714286,4.187142857142858,0,0,0,0,0,Normal
2024-02-21,1,Campaign_1,unstable,Display,West,Mobile,14502,1400,146,1993.29,10878.72,2333.12,0.0965,0.1043,13.65,4.46,0.8543,,2053.782857142857,0.07147142857142856,0.07765714285714287,3.9285714285714284,0,0,0,0,0,Normal
2024-02-22,1,Campaign_1,unstable,Display,West,Mobile,23130,856,114,1602.38,5465.45,2135.54,0.037,0.1332,14.06,2.41,0.7503,,2084.425714285714,0.06767142857142856,0.07772857142857144,2.825714285714285,0,1,0,0,1,Moderate
2024-02-23,1,Campaign_1,unstable,Display,West,Mobile,16729,925,118,1134.39,5686.97,1331.37,0.0553,0.1276,9.61,4.01,0.852,,2039.804285714286,0.0684,0.09114285714285715,3.352857142857143,0,0,0,0,0,Normal
2024-02-24,1,Campaign_1,unstable,Display,West,Mobile,23516,2047,157,2116.32,10639.2,2799.84,0.087,0.0767,13.48,4.03,0.7559,,2094.0,0.06867142857142858,0.09344285714285715,3.1957142857142853,0,0,0,0,0,Normal
2024-02-25,1,Campaign_1,unstable,Display,West,Mobile,25807,2298,291,2424.45,30129.72,3025.65,0.089,0.1266,8.33,11.43,0.8013,,2155.7228571428573,0.07368571428571428,0.09841428571428572,4.2057142857142855,0,0,0,0,0,Normal
2024-02-26,1,Campaign_1,unstable,Display,West,Mobile,13810,1134,103,1515.4,10654.82,1709.07,0.0821,0.0908,14.71,6.03,0.8867,,2063.387142857143,0.07614285714285714,0.10342857142857143,4.785714285714286,0,0,0,0,0,Normal
2024-02-27,1,Campaign_1,unstable,Display,West,Mobile,21435,1408,157,2605.92,15322.47,3351.35,0.0657,0.1115,16.6,4.88,0.7776,,1913.1642857142858,0.07322857142857143,0.1101,5.321428571428571,0,0,0,0,0,Normal
2024-02-28,1,Campaign_1,unstable,Display,West,Mobile,12504,625,38,3467.36,2114.76,3670.66,0.05,0.0608,91.25,-0.39,0.9446,Spend Spike,2123.7457142857143,0.06658571428571428,0.10388571428571429,4.628571428571428,0,0,1,1,2,Moderate
2024-02-29,1,Campaign_1,unstable,Display,West,Mobile,23003,595,54,1281.6,4137.31,1611.42,0.0259,0.0908,23.73,2.23,0.7953,,2077.92,0.065,0.09782857142857142,4.602857142857142,0,1,0,0,1,Moderate
2024-03-01,1,Campaign_1,unstable,Display,West,Mobile,21588,847,74,1529.39,7701.02,3955.04,0.0392,0.0874,20.67,4.04,0.3867,CTR Drop,2134.3485714285716,0.0627,0.0920857142857143,4.607142857142857,0,1,0,0,1,Moderate
2024-03-02,1,Campaign_1,unstable,Display,West,Mobile,21337,747,60,918.83,4851.36,1146.0,0.035,0.0803,15.31,4.28,0.8018,,1963.2785714285715,0.05527142857142857,0.09260000000000002,4.642857142857143,0,1,0,0,1,Moderate
2024-03-03,1,Campaign_1,unstable,Display,West,Mobile,26837,606,36,797.99,2959.01,931.84,0.0226,0.0594,22.17,2.71,0.8564,,1730.9271428571428,0.045785714285714284,0.083,3.397142857142857,0,1,0,0,1,Moderate
2024-03-04,1,Campaign_1,unstable,Display,West,Mobile,24677,2368,260,3836.45,18012.02,5114.69,0.096,0.1098,14.76,3.69,0.7501,,2062.505714285714,0.047771428571428576,0.08571428571428573,3.062857142857143,1,0,0,0,1,Moderate
2024-03-05,1,Campaign_1,unstable,Display,West,Mobile,13015,652,77,1421.96,3890.75,1775.36,0.0501,0.1181,18.47,1.74,0.8009,,1893.3685714285714,0.04554285714285715,0.08665714285714286,2.6142857142857143,0,0,0,0,0,Normal
2024-03-06,1,Campaign_1,unstable,Display,West,Mobile,18938,1240,18,936.49,888.65,1083.4,0.0655,0.0145,52.03,-0.05,0.8644,Conversion Drop,1531.8157142857144,0.047757142857142866,0.08004285714285715,2.662857142857143,0,0,1,1,2,Moderate
2024-03-07,1,Campaign_1,unstable,Display,West,Mobile,21860,2180,198,4040.59,21014.45,5302.92,0.0997,0.0908,20.41,4.2,0.762,,1925.957142857143,0.058300000000000005,0.08004285714285715,2.944285714285715,1,0,0,0,1,Moderate
2024-03-08,1,Campaign_1,unstable,Display,West,Mobile,17997,346,26,349.75,2638.36,939.63,0.0192,0.0751,13.45,6.54,0.3722,CTR Drop,1757.4371428571428,0.05544285714285714,0.07828571428571429,3.301428571428571,0,1,0,0,1,Moderate
2024-03-09,1,Campaign_1,unstable,Display,West,Mobile,22357,1934,123,3722.14,13254.25,4347.43,0.0865,0.0636,30.26,2.56,0.8562,,2157.91,0.0628,0.0759,3.055714285714285,0,0,0,0,0,Normal
2024-03-10,1,Campaign_1,unstable,Display,West,Mobile,27254,2191,215,8274.73,11805.11,9664.75,0.0804,0.0981,38.49,0.43,0.8562,Spend Spike,3226.0157142857142,0.07105714285714286,0.08142857142857143,2.73,1,0,0,0,1,Moderate
2024-03-11,1,Campaign_1,unstable,Display,West,Mobile,18941,1219,48,2181.52,3759.42,2645.59,0.0644,0.0394,45.45,0.72,0.8246,,2989.5971428571424,0.06654285714285714,0.07137142857142857,2.3057142857142856,0,0,1,0,1,Moderate
2024-03-12,1,Campaign_1,unstable,Display,West,Mobile,22320,2141,98,4474.44,7295.92,5575.18,0.0959,0.0458,45.66,0.63,0.8026,,3425.665714285714,0.07308571428571428,0.06104285714285714,2.1471428571428572,0,0,0,0,0,Normal
2024-03-13,1,Campaign_1,unstable,Display,West,Mobile,26388,1261,66,1979.11,4218.02,2442.85,0.0478,0.0523,29.99,1.13,0.8102,,3574.6114285714284,0.07055714285714286,0.06644285714285715,2.315714285714286,0,1,0,0,1,Moderate
2024-03-14,1,Campaign_1,unstable,Display,West,Mobile,18090,562,56,546.72,3595.02,723.97,0.0311,0.0996,9.76,5.58,0.7552,,3075.4871428571423,0.06075714285714285,0.0677,2.512857142857143,0,1,0,0,1,Moderate
2024-03-15,1,Campaign_1,unstable,Display,West,Mobile,22161,852,62,1646.65,3977.66,3463.82,0.0384,0.0728,26.56,1.42,0.4754,CTR Drop,3260.758571428571,0.0635,0.06737142857142857,1.7814285714285714,0,1,0,0,1,Moderate
2024-03-16,1,Campaign_1,unstable,Display,West,Mobile,22160,1335,65,1013.22,6237.32,1273.59,0.0602,0.0487,15.59,5.16,0.7956,Conversion Drop,2873.7699999999995,0.059742857142857146,0.06524285714285714,2.152857142857143,0,0,0,0,0,Normal
2024-03-17,1,Campaign_1,unstable,Display,West,Mobile,16432,692,82,1261.09,4339.15,1453.2,0.0421,0.1185,15.38,2.44,0.8678,,1871.8214285714287,0.05427142857142857,0.06815714285714285,2.44,0,0,0,0,0,Normal
2024-03-18,1,Campaign_1,unstable,Display,West,Mobile,20150,1259,137,999.03,6896.82,1217.71,0.0625,0.1088,7.29,5.9,0.8204,,1702.8942857142854,0.054,0.07807142857142857,3.18,0,0,0,0,0,Normal
2024-03-19,1,Campaign_1,unstable,Display,West,Mobile,17870,400,50,492.49,3390.07,554.65,0.0224,0.125,9.85,5.88,0.8879,,1134.0442857142857,0.0435,0.08938571428571428,3.9299999999999997,0,1,0,0,1,Moderate
2024-03-20,1,Campaign_1,unstable,Display,West,Mobile,13062,597,31,711.17,1499.88,940.62,0.0457,0.0519,22.94,1.11,0.7561,,952.91,0.0432,0.08932857142857142,3.927142857142857,0,0,1,0,1,Moderate
2024-03-21,1,Campaign_1,unstable,Display,West,Mobile,20258,1456,120,2295.09,10989.31,2844.62,0.0719,0.0824,19.13,3.79,0.8068,,1202.6771428571428,0.04902857142857143,0.08687142857142857,3.6714285714285717,1,0,0,0,1,Moderate
2024-03-22,1,Campaign_1,unstable,Display,West,Mobile,27913,1191,83,1987.63,6636.22,2363.34,0.0427,0.0697,23.95,2.34,0.841,,1251.3885714285716,0.04964285714285714,0.08642857142857141,3.802857142857143,0,0,0,0,0,Normal
2024-03-23,1,Campaign_1,unstable,Display,West,Mobile,29844,839,39,896.84,1998.66,1028.35,0.0281,0.0465,23.0,1.23,0.8721,,1234.7628571428572,0.04505714285714286,0.08611428571428571,3.2414285714285715,0,1,1,0,2,Moderate
2024-03-24,1,Campaign_1,unstable,Display,West,Mobile,25046,604,19,1054.25,2086.35,1395.99,0.0241,0.0315,55.49,0.98,0.7552,,1205.2142857142858,0.04248571428571429,0.07368571428571428,3.0328571428571434,0,1,1,0,2,Moderate
2024-03-25,1,Campaign_1,unstable,Display,West,Mobile,20837,2042,171,3643.63,16665.71,4662.44,0.098,0.0837,21.31,3.57,0.7815,,1583.0142857142857,0.04755714285714285,0.07010000000000001,2.6999999999999997,1,0,0,0,1,Moderate
2024-03-26,1,Campaign_1,unstable,Display,West,Mobile,18469,1799,194,1797.67,17758.24,2215.56,0.0974,0.1078,9.27,8.88,0.8114,,1769.4685714285715,0.05827142857142858,0.06764285714285714,3.128571428571429,0,0,0,0,0,Normal
2024-03-27,1,Campaign_1,unstable,Display,West,Mobile,21765,1447,67,2057.21,5177.84,2289.58,0.0665,0.0463,30.7,1.52,0.8985,,1961.7600000000002,0.06124285714285715,0.06684285714285713,3.1871428571428573,0,0,0,0,0,Normal
2024-03-28,1,Campaign_1,unstable,Display,West,Mobile,21865,2168,141,4151.31,8153.3,5273.72,0.0992,0.065,29.44,0.96,0.7872,,2226.934285714286,0.06514285714285714,0.06435714285714286,2.782857142857143,1,0,0,0,1,Moderate
2024-03-29,1,Campaign_1,unstable,Display,West,Mobile,26231,1796,210,1544.65,20905.69,1987.18,0.0685,0.1169,7.36,12.53,0.7773,,2163.6514285714284,0.06882857142857143,0.07110000000000001,4.238571428571428,0,0,0,0,0,Normal
2024-03-30,1,Campaign_1,unstable,Display,West,Mobile,15530,1476,73,1180.42,6707.13,1467.99,0.095,0.0495,16.17,4.68,0.8041,,2204.162857142857,0.07838571428571428,0.07152857142857143,4.731428571428571,0,0,0,0,0,Normal
2024-01-01,2,Campaign_2,efficient_low_scale,Search,North,Desktop,10114,738,99,581.95,10694.53,690.54,0.073,0.1341,5.88,17.38,0.8427,,,,,,0,0,0,0,0,Normal
2024-01-02,2,Campaign_2,efficient_low_scale,Search,North,Desktop,9800,671,128,737.62,13105.52,917.87,0.0685,0.1908,5.76,16.77,0.8036,,,,,,0,0,0,0,0,Normal
2024-01-03,2,Campaign_2,efficient_low_scale,Search,North,Desktop,8242,508,97,558.49,7470.35,701.98,0.0616,0.1909,5.76,12.38,0.7956,,626.02,0.0677,0.17193333333333335,15.51,0,0,0,0,0,Normal
2024-01-04,2,Campaign_2,efficient_low_scale,Search,North,Desktop,6704,434,70,570.76,8212.11,684.22,0.0647,0.1613,8.15,13.39,0.8342,,612.205,0.06695,0.169275,14.98,0,0,0,0,0,Normal
2024-01-05,2,Campaign_2,efficient_low_scale,Search,North,Desktop,6361,306,54,304.53,6225.02,375.83,0.0481,0.1765,5.64,19.44,0.8103,,550.67,0.06318,0.17071999999999998,15.872,0,0,0,0,0,Normal
2024-01-06,2,Campaign_2,efficient_low_scale,Search,North,Desktop,10199,612,99,605.32,9359.19,704.05,0.06,0.1618,6.11,14.46,0.8598,,559.7783333333333,0.06265,0.16923333333333335,15.636666666666665,0,0,0,0,0,Normal
2024-01-07,2,Campaign_2,efficient_low_scale,Search,North,Desktop,5239,262,38,195.26,4731.27,242.02,0.05,0.145,5.14,23.23,0.8068,,507.70428571428573,0.06084285714285714,0.16577142857142854,16.72142857142857,0,0,0,0,0,Normal
2024-01-08,2,Campaign_2,efficient_low_scale,Search,North,Desktop,6595,504,66,343.04,5633.82,428.2,0.0764,0.131,5.2,15.42,0.8011,,473.5742857142858,0.061328571428571434,0.16532857142857144,16.44142857142857,0,0,0,0,0,Normal
2024-01-09,2,Campaign_2,efficient_low_scale,Search,North,Desktop,6603,450,59,477.46,6277.77,613.11,0.0682,0.1311,8.09,12.15,0.7788,,436.4085714285714,0.061285714285714284,0.1568,15.781428571428572,0,0,0,0,0,Normal
2024-01-10,2,Campaign_2,efficient_low_scale,Search,North,Desktop,6660,296,58,376.25,4493.83,495.7,0.0444,0.1959,6.49,10.94,0.759,,410.3742857142857,0.05882857142857143,0.1575142857142857,15.575714285714286,0,0,0,0,0,Normal
2024-01-11,2,Campaign_2,efficient_low_scale,Search,North,Desktop,6434,354,63,270.62,7387.85,330.89,0.055,0.178,4.3,26.3,0.8179,,367.4971428571429,0.05744285714285714,0.1599,17.419999999999998,0,0,0,0,0,Normal
2024-01-12,2,Campaign_2,efficient_low_scale,Search,North,Desktop,8084,435,64,517.65,6216.52,627.97,0.0538,0.1471,8.09,11.01,0.8243,,397.9428571428572,0.058257142857142855,0.1557,16.215714285714288,0,0,0,0,0,Normal
2024-01-13,2,Campaign_2,efficient_low_scale,Search,North,Desktop,5188,241,29,204.65,3388.06,236.38,0.0465,0.1203,7.06,15.56,0.8658,,340.7042857142857,0.05632857142857143,0.14977142857142858,16.372857142857146,0,0,0,0,0,Normal
2024-01-14,2,Campaign_2,efficient_low_scale,Search,North,Desktop,9050,709,93,660.57,6986.25,809.56,0.0783,0.1312,7.1,9.58,0.816,,407.1771428571429,0.06037142857142857,0.1478,14.422857142857143,0,0,0,0,0,Normal
2024-01-15,2,Campaign_2,efficient_low_scale,Search,North,Desktop,4812,232,44,177.27,3583.42,215.92,0.0482,0.1897,4.03,19.21,0.821,,383.49571428571426,0.05634285714285714,0.1561857142857143,14.964285714285714,0,0,0,0,0,Normal
2024-01-16,2,Campaign_2,efficient_low_scale,Search,North,Desktop,7957,462,74,440.11,6959.39,537.97,0.0581,0.1602,5.95,14.81,0.8181,,378.16,0.0549,0.16034285714285715,15.344285714285714,0,0,0,0,0,Normal
2024-01-17,2,Campaign_2,efficient_low_scale,Search,North,Desktop,10427,731,103,963.42,10464.25,1295.54,0.0701,0.1409,9.35,9.86,0.7436,,462.0414285714286,0.058571428571428566,0.1524857142857143,15.19,1,0,0,0,1,Moderate
2024-01-18,2,Campaign_2,efficient_low_scale,Search,North,Desktop,5288,328,46,248.26,4615.2,304.74,0.062,0.1402,5.4,17.59,0.8147,,458.84714285714284,0.05957142857142857,0.1470857142857143,13.945714285714287,0,0,0,0,0,Normal
2024-01-19,2,Campaign_2,efficient_low_scale,Search,North,Desktop,7751,383,49,304.31,5553.46,397.9,0.0494,0.1279,6.21,17.25,0.7648,,428.36999999999995,0.05894285714285714,0.14434285714285716,14.837142857142855,0,0,0,0,0,Normal
2024-01-20,2,Campaign_2,efficient_low_scale,Search,North,Desktop,9263,521,76,348.83,8207.58,457.68,0.0562,0.1459,4.59,22.53,0.7622,,448.96714285714285,0.06032857142857143,0.148,15.83285714285714,0,0,0,0,0,Normal
2024-01-21,2,Campaign_2,efficient_low_scale,Search,North,Desktop,4792,272,52,341.08,4706.47,407.56,0.0568,0.1912,6.56,12.8,0.8369,,403.32571428571424,0.057257142857142854,0.15657142857142858,16.29285714285714,0,0,0,0,0,Normal
2024-01-22,2,Campaign_2,efficient_low_scale,Search,North,Desktop,6049,341,55,323.58,4821.74,417.71,0.0564,0.1613,5.88,13.9,0.7747,,424.2271428571429,0.05842857142857143,0.15251428571428574,15.534285714285714,0,0,0,0,0,Normal
2024-01-23,2,Campaign_2,efficient_low_scale,Search,North,Desktop,6173,490,77,365.39,7629.68,469.68,0.0794,0.1571,4.75,19.88,0.778,,413.55285714285714,0.06147142857142857,0.15207142857142858,16.25857142857143,0,0,0,0,0,Normal
2024-01-24,2,Campaign_2,efficient_low_scale,Search,North,Desktop,7575,345,64,1299.33,6498.65,1394.9,0.0455,0.1855,20.3,4.0,0.9315,Spend Spike,461.53999999999996,0.05795714285714286,0.15844285714285714,15.421428571428569,1,0,0,0,1,Moderate
2024-01-25,2,Campaign_2,efficient_low_scale,Search,North,Desktop,8489,508,63,469.49,6290.42,528.95,0.0598,0.124,7.45,12.4,0.8876,,493.1442857142857,0.05764285714285714,0.15612857142857142,14.679999999999998,0,0,0,0,0,Normal
2024-01-26,2,Campaign_2,efficient_low_scale,Search,North,Desktop,5129,355,49,392.8,4883.17,514.38,0.0692,0.138,8.02,11.43,0.7636,,505.7857142857143,0.06047142857142857,0.15757142857142856,13.848571428571429,0,0,0,0,0,Normal
2024-01-27,2,Campaign_2,efficient_low_scale,Search,North,Desktop,6986,292,38,347.6,2848.78,403.68,0.0418,0.1301,9.15,7.2,0.8611,,505.61,0.0584142857142857,0.1553142857142857,11.658571428571426,0,0,0,0,0,Normal
2024-01-28,2,Campaign_2,efficient_low_scale,Search,North,Desktop,8610,659,117,717.21,14854.13,960.0,0.0765,0.1775,6.13,19.71,0.7471,,559.3428571428572,0.061228571428571424,0.15335714285714283,12.645714285714286,0,0,0,0,0,Normal
2024-01-29,2,Campaign_2,efficient_low_scale,Search,North,Desktop,10320,425,59,457.33,4312.05,571.3,0.0412,0.1388,7.75,8.43,0.8005,,578.45,0.05905714285714286,0.15014285714285713,11.864285714285716,0,1,0,0,1,Moderate
2024-01-30,2,Campaign_2,efficient_low_scale,Search,North,Desktop,5710,307,10,285.58,1122.96,346.96,0.0538,0.0326,28.56,2.93,0.8231,Conversion Drop,567.0485714285714,0.05539999999999999,0.13235714285714287,9.442857142857145,0,0,1,0,1,Moderate
2024-01-31,2,Campaign_2,efficient_low_scale,Search,North,Desktop,11990,610,102,542.16,7700.48,617.63,0.0509,0.1672,5.32,13.2,0.8778,,458.88142857142856,0.056171428571428574,0.12974285714285713,10.757142857142856,0,0,0,0,0,Normal
2024-02-01,2,Campaign_2,efficient_low_scale,Search,North,Desktop,10224,444,87,535.78,9425.32,686.35,0.0434,0.1959,6.16,16.59,0.7806,,468.35142857142864,0.053828571428571434,0.1400142857142857,11.355714285714287,0,0,0,0,0,Normal
2024-02-02,2,Campaign_2,efficient_low_scale,Search,North,Desktop,6718,400,55,556.05,6965.4,709.74,0.0595,0.1375,10.11,11.53,0.7835,,491.67285714285714,0.05244285714285714,0.13994285714285715,11.37,0,0,0,0,0,Normal
2024-02-03,2,Campaign_2,efficient_low_scale,Search,North,Desktop,7534,443,64,308.51,7287.13,373.01,0.0588,0.1445,4.82,22.62,0.8271,,486.08857142857147,0.05487142857142857,0.142,13.572857142857144,0,0,0,0,0,Normal
2024-02-04,2,Campaign_2,efficient_low_scale,Search,North,Desktop,5186,386,72,330.14,8620.91,412.37,0.0744,0.1865,4.59,25.11,0.8006,,430.7928571428571,0.05457142857142857,0.1432857142857143,14.344285714285714,0,0,0,0,0,Normal
2024-02-05,2,Campaign_2,efficient_low_scale,Search,North,Desktop,4299,291,42,343.33,3104.7,423.97,0.0677,0.1443,8.17,8.04,0.8098,,414.5071428571428,0.05835714285714285,0.14407142857142857,14.288571428571426,0,0,0,0,0,Normal
2024-02-06,2,Campaign_2,efficient_low_scale,Search,North,Desktop,7596,490,67,303.57,8187.8,400.31,0.0645,0.1367,4.53,25.97,0.7583,,417.07714285714286,0.059885714285714285,0.15894285714285714,17.580000000000002,0,0,0,0,0,Normal
2024-02-07,2,Campaign_2,efficient_low_scale,Search,North,Desktop,5425,232,28,148.98,2108.75,181.75,0.0428,0.1207,5.32,13.15,0.8197,,360.90857142857146,0.05872857142857142,0.15230000000000002,17.572857142857142,0,0,0,0,0,Normal
2024-02-08,2,Campaign_2,efficient_low_scale,Search,North,Desktop,5572,243,35,247.38,3987.77,301.94,0.0436,0.144,7.07,15.12,0.8193,,319.7085714285714,0.05875714285714285,0.14488571428571428,17.36285714285714,0,0,0,0,0,Normal
2024-02-09,2,Campaign_2,efficient_low_scale,Search,North,Desktop,4536,223,27,136.99,3490.11,163.85,0.0492,0.1211,5.07,24.48,0.8361,,259.84285714285716,0.05728571428571428,0.14254285714285714,19.212857142857143,0,0,0,0,0,Normal
2024-02-10,2,Campaign_2,efficient_low_scale,Search,North,Desktop,6743,481,61,449.29,7487.57,546.72,0.0713,0.1268,7.37,15.67,0.8218,,279.95428571428573,0.059071428571428566,0.1400142857142857,18.22,0,0,0,0,0,Normal
2024-02-11,2,Campaign_2,efficient_low_scale,Search,North,Desktop,6572,368,68,288.68,8149.02,320.94,0.056,0.1848,4.25,27.23,0.8995,,274.0314285714286,0.05644285714285714,0.13977142857142857,18.52285714285714,0,0,0,0,0,Normal
2024-02-12,2,Campaign_2,efficient_low_scale,Search,North,Desktop,8346,609,112,672.23,9293.7,839.83,0.073,0.1839,6.0,12.83,0.8004,,321.01714285714286,0.057199999999999994,0.14542857142857143,19.20714285714286,1,0,0,0,1,Moderate
2024-02-13,2,Campaign_2,efficient_low_scale,Search,North,Desktop,5296,372,65,269.0,7731.75,314.35,0.0702,0.1747,4.14,27.74,0.8557,,316.0785714285715,0.05801428571428572,0.15085714285714286,19.46,0,0,0,0,0,Normal
2024-02-14,2,Campaign_2,efficient_low_scale,Search,North,Desktop,5653,420,65,383.43,5614.54,426.03,0.0743,0.1548,5.9,13.64,0.9,,349.57142857142856,0.06251428571428572,0.1557285714285714,19.53,0,0,0,0,0,Normal
2024-02-15,2,Campaign_2,efficient_low_scale,Search,North,Desktop,9141,567,71,525.47,6557.65,673.05,0.062,0.1252,7.4,11.48,0.7807,,389.29857142857145,0.06514285714285714,0.15304285714285712,19.009999999999998,0,0,0,0,0,Normal
2024-02-16,2,Campaign_2,efficient_low_scale,Search,North,Desktop,10207,687,86,880.02,8574.96,1098.35,0.0673,0.1252,10.23,8.74,0.8012,,495.44571428571436,0.06772857142857143,0.15362857142857145,16.761428571428574,0,0,0,0,0,Normal
2024-02-17,2,Campaign_2,efficient_low_scale,Search,North,Desktop,8717,545,77,710.08,9074.11,932.08,0.0625,0.1413,9.22,11.78,0.7618,,532.7014285714287,0.06647142857142858,0.1557,16.205714285714286,0,0,0,0,0,Normal
2024-02-18,2,Campaign_2,efficient_low_scale,Search,North,Desktop,4158,206,40,141.04,4477.58,186.23,0.0495,0.1942,3.53,30.75,0.7573,,511.61,0.06554285714285714,0.15704285714285712,16.708571428571428,0,0,0,0,0,Normal
2024-02-19,2,Campaign_2,efficient_low_scale,Search,North,Desktop,6445,470,61,408.0,6991.24,532.23,0.0729,0.1298,6.69,16.14,0.7666,,473.86285714285714,0.06552857142857144,0.1493142857142857,17.181428571428572,0,0,0,0,0,Normal
2024-02-20,2,Campaign_2,efficient_low_scale,Search,North,Desktop,3972,189,23,426.22,2382.59,458.48,0.0476,0.1217,18.53,4.59,0.9296,Spend Spike,496.3228571428572,0.0623,0.14174285714285714,13.874285714285714,0,0,0,0,0,Normal
2024-02-21,2,Campaign_2,efficient_low_scale,Search,North,Desktop,6350,498,73,550.84,9192.28,734.99,0.0784,0.1466,7.55,15.69,0.7495,,520.2385714285714,0.0628857142857143,0.14057142857142857,14.167142857142855,0,0,0,0,0,Normal
2024-02-22,2,Campaign_2,efficient_low_scale,Search,North,Desktop,4236,300,53,293.66,3894.19,385.61,0.0708,0.1767,5.54,12.26,0.7615,,487.1228571428572,0.06414285714285714,0.14792857142857144,14.278571428571428,0,0,0,0,0,Normal
2024-02-23,2,Campaign_2,efficient_low_scale,Search,North,Desktop,5835,408,53,492.3,3788.19,592.77,0.0699,0.1299,9.29,6.69,0.8305,,431.73428571428576,0.06451428571428572,0.1486,13.985714285714284,0,0,0,0,0,Normal
2024-02-24,2,Campaign_2,efficient_low_scale,Search,North,Desktop,10265,602,117,410.42,14186.55,536.21,0.0586,0.1944,3.51,33.57,0.7654,,388.92571428571426,0.06395714285714285,0.1561857142857143,17.09857142857143,0,0,0,0,0,Normal
2024-02-25,2,Campaign_2,efficient_low_scale,Search,North,Desktop,6225,411,58,559.24,4585.68,747.09,0.066,0.1411,9.64,7.2,0.7486,,448.66857142857145,0.06631428571428571,0.1486,13.734285714285715,0,0,0,0,0,Normal
2024-02-26,2,Campaign_2,efficient_low_scale,Search,North,Desktop,4913,148,34,137.27,4203.96,267.41,0.0301,0.2297,4.04,29.63,0.5133,CTR Drop,409.9928571428572,0.0602,0.16287142857142856,15.661428571428571,0,1,0,0,1,Moderate
2024-02-27,2,Campaign_2,efficient_low_scale,Search,North,Desktop,5008,309,41,235.75,3094.26,286.06,0.0617,0.1327,5.75,12.13,0.8241,,382.7828571428572,0.062214285714285715,0.16444285714285714,16.73857142857143,0,0,0,0,0,Normal
2024-02-28,2,Campaign_2,efficient_low_scale,Search,North,Desktop,5066,262,50,359.99,4056.38,421.71,0.0517,0.1908,7.2,10.27,0.8536,,355.5185714285714,0.0584,0.17075714285714286,15.964285714285714,0,0,0,0,0,Normal
2024-02-29,2,Campaign_2,efficient_low_scale,Search,North,Desktop,5880,336,45,333.74,3323.36,389.56,0.0571,0.1339,7.42,8.96,0.8567,,361.2442857142858,0.05644285714285714,0.16464285714285712,15.492857142857144,0,0,0,0,0,Normal
2024-03-01,2,Campaign_2,efficient_low_scale,Search,North,Desktop,8177,376,59,430.28,5530.23,550.96,0.046,0.1569,7.29,11.85,0.781,,352.3842857142858,0.053028571428571425,0.1685,16.23,0,0,0,0,0,Normal
2024-03-02,2,Campaign_2,efficient_low_scale,Search,North,Desktop,5127,365,44,359.31,3357.02,483.87,0.0712,0.1205,8.17,8.34,0.7426,,345.0828571428572,0.054828571428571435,0.15794285714285713,12.625714285714285,0,0,0,0,0,Normal
2024-03-03,2,Campaign_2,efficient_low_scale,Search,North,Desktop,5059,133,27,114.54,2728.69,322.18,0.0263,0.203,4.24,22.82,0.3555,CTR Drop,281.55428571428575,0.04915714285714286,0.1667857142857143,14.857142857142858,0,1,0,0,1,Moderate
2024-03-04,2,Campaign_2,efficient_low_scale,Search,North,Desktop,9272,445,78,559.43,5652.74,748.45,0.048,0.1753,7.17,9.1,0.7475,,341.86285714285714,0.05171428571428571,0.15901428571428572,11.924285714285716,0,0,0,0,0,Normal
2024-03-05,2,Campaign_2,efficient_low_scale,Search,North,Desktop,6714,519,64,536.15,7202.79,685.48,0.0773,0.1233,8.38,12.43,0.7822,,384.77714285714285,0.05394285714285714,0.1576714285714286,11.967142857142857,0,0,0,0,0,Normal
2024-03-06,2,Campaign_2,efficient_low_scale,Search,North,Desktop,10620,282,79,293.96,8362.04,801.33,0.0266,0.2801,3.72,27.45,0.3668,CTR Drop,375.3442857142857,0.05035714285714286,0.17042857142857143,14.421428571428573,0,1,0,0,1,Moderate
2024-03-07,2,Campaign_2,efficient_low_scale,Search,North,Desktop,10533,525,69,681.15,5737.55,822.79,0.0498,0.1314,9.87,7.42,0.8279,,424.9742857142857,0.04931428571428571,0.1700714285714286,14.20142857142857,0,0,0,0,0,Normal
2024-03-08,2,Campaign_2,efficient_low_scale,Search,North,Desktop,6818,284,37,175.14,4040.24,216.41,0.0417,0.1303,4.73,22.07,0.8093,,388.5257142857143,0.0487,0.16627142857142857,15.661428571428571,0,0,0,0,0,Normal
2024-03-09,2,Campaign_2,efficient_low_scale,Search,North,Desktop,9585,644,80,402.19,6836.88,529.71,0.0672,0.1242,5.03,16.0,0.7593,,394.65142857142854,0.04812857142857142,0.1668,16.755714285714284,0,0,0,0,0,Normal
2024-03-10,2,Campaign_2,efficient_low_scale,Search,North,Desktop,9721,633,113,768.58,11332.85,944.2,0.0651,0.1785,6.8,13.75,0.814,,488.08571428571435,0.05367142857142857,0.1633,15.459999999999999,0,0,0,0,0,Normal
2024-03-11,2,Campaign_2,efficient_low_scale,Search,North,Desktop,9514,611,102,754.2,11148.66,883.14,0.0642,0.1669,7.39,13.78,0.854,,515.9100000000001,0.055985714285714284,0.1621,16.128571428571426,0,0,0,0,0,Normal
2024-03-12,2,Campaign_2,efficient_low_scale,Search,North,Desktop,5776,376,67,265.18,7567.62,329.96,0.0651,0.1782,3.96,27.54,0.8037,,477.2,0.05424285714285715,0.16994285714285715,18.287142857142857,0,0,0,0,0,Normal
2024-03-13,2,Campaign_2,efficient_low_scale,Search,North,Desktop,4616,260,32,246.93,2427.0,308.23,0.0563,0.1231,7.72,8.83,0.8011,,470.48142857142864,0.05848571428571429,0.1475142857142857,15.627142857142857,0,0,0,0,0,Normal
2024-03-14,2,Campaign_2,efficient_low_scale,Search,North,Desktop,7255,337,50,463.55,4274.4,547.59,0.0465,0.1484,9.27,8.22,0.8465,,439.3957142857143,0.05801428571428572,0.14994285714285713,15.741428571428571,0,0,0,0,0,Normal
2024-03-15,2,Campaign_2,efficient_low_scale,Search,North,Desktop,8735,507,70,334.01,5612.98,395.55,0.058,0.1381,4.77,15.8,0.8444,,462.0914285714286,0.06034285714285715,0.15105714285714283,14.845714285714289,0,0,0,0,0,Normal
2024-03-16,2,Campaign_2,efficient_low_scale,Search,North,Desktop,6380,412,72,302.26,5764.12,388.13,0.0646,0.1748,4.2,18.07,0.7788,,447.8157142857143,0.05997142857142857,0.1582857142857143,15.141428571428573,0,0,0,0,0,Normal
2024-03-17,2,Campaign_2,efficient_low_scale,Search,North,Desktop,6767,461,71,595.32,7347.68,659.94,0.0681,0.154,8.38,11.34,0.9021,,423.06428571428575,0.0604,0.1547857142857143,14.797142857142859,0,0,0,0,0,Normal
2024-03-18,2,Campaign_2,efficient_low_scale,Search,North,Desktop,11966,926,114,646.06,11073.04,761.73,0.0774,0.1231,5.67,16.14,0.8481,,407.61571428571426,0.06228571428571429,0.14852857142857143,15.134285714285715,0,0,0,0,0,Normal
2024-03-19,2,Campaign_2,efficient_low_scale,Search,North,Desktop,6679,373,59,428.49,4191.52,575.58,0.0558,0.1582,7.26,8.78,0.7444,,430.94571428571425,0.060957142857142856,0.1456714285714286,12.454285714285716,0,0,0,0,0,Normal
2024-03-20,2,Campaign_2,efficient_low_scale,Search,North,Desktop,7678,457,79,325.26,5672.07,415.09,0.0595,0.1729,4.12,16.44,0.7836,,442.1357142857143,0.06141428571428571,0.1527857142857143,13.541428571428572,0,0,0,0,0,Normal
2024-03-21,2,Campaign_2,efficient_low_scale,Search,North,Desktop,8677,379,65,361.95,7935.75,460.82,0.0437,0.1715,5.57,20.92,0.7854,,427.62142857142857,0.06101428571428571,0.1560857142857143,15.355714285714287,0,0,0,0,0,Normal
2024-03-22,2,Campaign_2,efficient_low_scale,Search,North,Desktop,9046,368,51,465.41,6215.7,574.19,0.0407,0.1386,9.13,12.36,0.8106,,446.3928571428572,0.05854285714285714,0.15615714285714286,14.864285714285714,0,1,0,0,1,Moderate
2024-03-23,2,Campaign_2,efficient_low_scale,Search,North,Desktop,5277,256,44,234.26,4799.26,296.21,0.0485,0.1719,5.32,19.49,0.7909,,436.67857142857144,0.05624285714285714,0.15574285714285716,15.067142857142857,0,0,0,0,0,Normal
2024-03-24,2,Campaign_2,efficient_low_scale,Search,North,Desktop,7155,534,106,641.84,7995.46,772.16,0.0746,0.1985,6.06,11.46,0.8312,,443.3242857142858,0.057171428571428574,0.1621,15.084285714285715,0,0,0,0,0,Normal
2024-03-25,2,Campaign_2,efficient_low_scale,Search,North,Desktop,5402,360,66,435.54,7779.34,568.14,0.0666,0.1833,6.6,16.86,0.7666,,413.25,0.05562857142857142,0.17070000000000002,15.187142857142858,0,0,0,0,0,Normal
2024-03-26,2,Campaign_2,efficient_low_scale,Search,North,Desktop,9711,515,87,560.25,9031.15,693.1,0.053,0.1689,6.44,15.12,0.8083,,432.0728571428572,0.055228571428571425,0.17222857142857143,16.09285714285714,0,0,0,0,0,Normal
2024-03-27,2,Campaign_2,efficient_low_scale,Search,North,Desktop,8995,365,60,268.19,6513.27,332.63,0.0406,0.1644,4.47,23.29,0.8063,,423.92,0.05252857142857143,0.17101428571428573,17.071428571428573,0,0,0,0,0,Normal
2024-03-28,2,Campaign_2,efficient_low_scale,Search,North,Desktop,5223,231,30,235.92,2542.93,282.96,0.0442,0.1299,7.86,9.78,0.8338,,405.91571428571433,0.0526,0.16507142857142856,15.48,0,0,0,0,0,Normal
2024-03-29,2,Campaign_2,efficient_low_scale,Search,North,Desktop,9827,400,54,242.42,5877.82,281.42,0.0407,0.135,4.49,23.25,0.8614,,374.06,0.052599999999999994,0.16455714285714287,17.035714285714285,0,0,0,0,0,Normal
2024-03-30,2,Campaign_2,efficient_low_scale,Search,North,Desktop,4242,229,29,226.41,2476.79,266.44,0.054,0.1266,7.81,9.94,0.8498,,372.93857142857144,0.05338571428571429,0.1580857142857143,15.671428571428573,0,0,0,0,0,Normal
2024-01-01,3,Campaign_3,low_performer,Video,South,Desktop,19289,350,12,475.46,446.95,603.97,0.0181,0.0343,39.62,-0.06,0.7872,,,,,,0,0,0,1,1,Moderate
2024-01-02,3,Campaign_3,low_performer,Video,South,Desktop,10654,200,4,288.16,266.84,347.56,0.0188,0.02,72.04,-0.07,0.8291,Conversion Drop,,,,,0,0,0,1,1,Moderate
2024-01-03,3,Campaign_3,low_performer,Video,South,Desktop,16900,490,28,971.23,1757.49,1283.04,0.029,0.0571,34.69,0.81,0.757,,578.2833333333333,0.021966666666666666,0.03713333333333333,0.22666666666666668,0,0,0,0,0,Normal
2024-01-04,3,Campaign_3,low_performer,Video,South,Desktop,7009,106,3,252.03,182.39,312.31,0.0151,0.0283,84.01,-0.28,0.807,,496.72,0.02025,0.034925,0.1,0,0,0,1,1,Moderate
2024-01-05,3,Campaign_3,low_performer,Video,South,Desktop,13807,478,17,988.42,574.96,1241.42,0.0346,0.0356,58.14,-0.42,0.7962,,595.0600000000001,0.02312,0.03506,-0.003999999999999992,0,0,0,1,1,Moderate
2024-01-06,3,Campaign_3,low_performer,Video,South,Desktop,16776,538,29,797.19,981.03,933.84,0.0321,0.0539,27.49,0.23,0.8537,,628.7483333333333,0.024616666666666665,0.038200000000000005,0.03500000000000001,0,0,0,0,0,Normal
2024-01-07,3,Campaign_3,low_performer,Video,South,Desktop,14327,417,12,843.02,388.06,985.84,0.0291,0.0288,70.25,-0.54,0.8551,,659.3585714285715,0.02525714285714286,0.03685714285714286,-0.04714285714285714,0,0,0,1,1,Moderate
2024-01-08,3,Campaign_3,low_performer,Video,South,Desktop,18921,418,15,891.54,865.46,1201.63,0.0221,0.0359,59.44,-0.03,0.7419,,718.7985714285714,0.025828571428571426,0.037085714285714284,-0.04285714285714285,0,0,0,1,1,Moderate
2024-01-09,3,Campaign_3,low_performer,Video,South,Desktop,8241,165,9,363.73,365.36,458.78,0.02,0.0545,40.41,0.0,0.7928,,729.5942857142857,0.026,0.04201428571428572,-0.03285714285714285,0,0,0,0,0,Normal
2024-01-10,3,Campaign_3,low_performer,Video,South,Desktop,12472,209,7,269.66,355.34,301.18,0.0168,0.0335,38.52,0.32,0.8953,,629.3699999999999,0.024257142857142856,0.038642857142857145,-0.10285714285714286,0,1,0,0,1,Moderate
2024-01-11,3,Campaign_3,low_performer,Video,South,Desktop,18015,655,30,1239.81,1289.2,1548.31,0.0364,0.0458,41.33,0.04,0.8008,,770.4814285714285,0.027299999999999998,0.04114285714285715,-0.05714285714285715,0,0,0,0,0,Normal
2024-01-12,3,Campaign_3,low_performer,Video,South,Desktop,9817,205,5,364.95,216.71,454.41,0.0209,0.0244,72.99,-0.41,0.8031,Conversion Drop,681.4142857142857,0.025342857142857143,0.039542857142857143,-0.055714285714285716,0,0,1,1,2,Moderate
2024-01-13,3,Campaign_3,low_performer,Video,South,Desktop,10374,166,6,220.06,288.09,283.67,0.016,0.0361,36.68,0.31,0.7758,,598.9671428571429,0.023042857142857143,0.037,-0.04428571428571428,0,1,0,0,1,Moderate
2024-01-14,3,Campaign_3,low_performer,Video,South,Desktop,14123,342,12,463.68,827.6,558.14,0.0242,0.0351,38.64,0.78,0.8308,,544.7757142857142,0.02234285714285714,0.037899999999999996,0.1442857142857143,0,0,0,0,0,Normal
2024-01-15,3,Campaign_3,low_performer,Video,South,Desktop,9368,330,13,663.52,436.34,855.16,0.0352,0.0394,51.04,-0.34,0.7759,,512.2014285714287,0.024214285714285716,0.038400000000000004,0.09999999999999999,0,0,0,1,1,Moderate
2024-01-16,3,Campaign_3,low_performer,Video,South,Desktop,16715,522,5,832.1,202.62,990.23,0.0312,0.0096,166.42,-0.76,0.8403,Conversion Drop,579.1114285714286,0.025814285714285713,0.03198571428571429,-0.008571428571428579,0,0,1,1,2,Moderate
2024-01-17,3,Campaign_3,low_performer,Video,South,Desktop,12962,450,14,1091.3,909.07,1271.27,0.0347,0.0311,77.95,-0.17,0.8584,,696.4885714285714,0.028371428571428572,0.031642857142857146,-0.0785714285714286,0,0,0,1,1,Moderate
2024-01-18,3,Campaign_3,low_performer,Video,South,Desktop,12435,441,12,1062.71,415.86,1386.16,0.0355,0.0272,88.56,-0.61,0.7667,,671.1885714285714,0.028242857142857142,0.028985714285714285,-0.17142857142857146,0,0,0,1,1,Moderate
2024-01-19,3,Campaign_3,low_performer,Video,South,Desktop,14629,499,25,796.45,830.92,956.33,0.0341,0.0501,31.86,0.04,0.8328,,732.8314285714287,0.030128571428571425,0.03265714285714286,-0.10714285714285716,0,0,0,0,0,Normal
2024-01-20,3,Campaign_3,low_performer,Video,South,Desktop,14373,564,25,1279.84,882.52,1683.63,0.0392,0.0443,51.19,-0.31,0.7602,,884.2285714285715,0.03344285714285714,0.03382857142857143,-0.19571428571428573,0,0,0,1,1,Moderate
2024-01-21,3,Campaign_3,low_performer,Video,South,Desktop,16325,603,32,972.51,2179.58,1270.39,0.0369,0.0531,30.39,1.24,0.7655,,956.9185714285715,0.03525714285714286,0.036399999999999995,-0.13000000000000006,0,0,0,0,0,Normal
2024-01-22,3,Campaign_3,low_performer,Video,South,Desktop,9964,107,2,262.37,103.96,351.96,0.0107,0.0187,131.19,-0.6,0.7455,,899.6114285714285,0.03175714285714286,0.03344285714285714,-0.16714285714285712,0,1,1,1,3,Severe
2024-01-23,3,Campaign_3,low_performer,Video,South,Desktop,7845,284,8,655.15,240.11,735.71,0.0362,0.0282,81.89,-0.63,0.8905,,874.3328571428572,0.032471428571428575,0.0361,-0.14857142857142858,0,0,0,1,1,Moderate
2024-01-24,3,Campaign_3,low_performer,Video,South,Desktop,13430,96,7,172.58,226.29,385.52,0.0071,0.0729,24.65,0.31,0.4477,CTR Drop,743.0871428571429,0.028528571428571427,0.04207142857142857,-0.08,0,1,0,0,1,Moderate
2024-01-25,3,Campaign_3,low_performer,Video,South,Desktop,19436,265,8,352.81,461.49,440.78,0.0136,0.0302,44.1,0.31,0.8004,,641.672857142857,0.025400000000000002,0.042499999999999996,0.05142857142857143,0,1,0,0,1,Moderate
2024-01-26,3,Campaign_3,low_performer,Video,South,Desktop,13928,236,6,336.51,337.37,441.5,0.0169,0.0254,56.09,0.0,0.7622,,575.9671428571428,0.022942857142857143,0.03897142857142857,0.045714285714285714,0,0,0,0,0,Normal
2024-01-27,3,Campaign_3,low_performer,Video,South,Desktop,14870,349,9,585.65,419.09,765.38,0.0235,0.0258,65.07,-0.28,0.7652,,476.79714285714283,0.0207,0.036328571428571425,0.049999999999999996,0,0,0,1,1,Moderate
2024-01-28,3,Campaign_3,low_performer,Video,South,Desktop,19797,345,8,601.73,492.91,749.48,0.0174,0.0232,75.22,-0.18,0.8029,,423.82857142857137,0.017914285714285716,0.03205714285714286,-0.15285714285714286,0,0,0,1,1,Moderate
2024-01-29,3,Campaign_3,low_performer,Video,South,Desktop,16092,264,5,399.58,345.17,519.61,0.0164,0.0189,79.92,-0.14,0.769,,443.42999999999995,0.018728571428571428,0.03208571428571429,-0.08714285714285716,0,0,1,1,2,Moderate
2024-01-30,3,Campaign_3,low_performer,Video,South,Desktop,18234,327,14,604.67,568.97,739.47,0.0179,0.0428,43.19,-0.06,0.8177,,436.2185714285714,0.016114285714285713,0.03417142857142857,-0.0057142857142857195,0,0,0,1,1,Moderate
2024-01-31,3,Campaign_3,low_performer,Video,South,Desktop,11719,376,14,634.93,640.91,779.96,0.0321,0.0372,45.35,0.01,0.8141,,502.26857142857136,0.019685714285714282,0.02907142857142857,-0.04857142857142858,0,0,0,0,0,Normal
2024-02-01,3,Campaign_3,low_performer,Video,South,Desktop,11200,146,6,354.15,374.13,437.75,0.013,0.0411,59.03,0.06,0.809,,502.46,0.0196,0.030628571428571425,-0.0842857142857143,0,1,0,0,1,Moderate
2024-02-02,3,Campaign_3,low_performer,Video,South,Desktop,19287,714,27,1448.25,1522.1,1917.16,0.037,0.0378,53.64,0.05,0.7554,,661.28,0.02247142857142857,0.0324,-0.07714285714285715,1,0,0,0,1,Moderate
2024-02-03,3,Campaign_3,low_performer,Video,South,Desktop,14099,136,14,181.89,973.43,536.01,0.0096,0.1029,12.99,4.35,0.3393,CTR Drop,603.6,0.020485714285714284,0.04341428571428572,0.5842857142857143,0,1,0,0,1,Moderate
2024-02-04,3,Campaign_3,low_performer,Video,South,Desktop,18698,226,4,552.22,238.0,656.21,0.0121,0.0177,138.06,-0.57,0.8415,,596.5271428571428,0.01972857142857143,0.042628571428571425,0.5285714285714286,0,1,1,1,3,Severe
2024-02-05,3,Campaign_3,low_performer,Video,South,Desktop,19686,753,38,1250.95,1766.44,1547.93,0.0383,0.0505,32.92,0.41,0.8081,,718.1514285714285,0.022857142857142857,0.04714285714285714,0.6071428571428571,0,0,0,0,0,Normal
2024-02-06,3,Campaign_3,low_performer,Video,South,Desktop,16765,209,8,495.03,490.4,585.85,0.0125,0.0383,61.88,-0.01,0.845,,702.4885714285714,0.022085714285714285,0.0465,0.6142857142857142,0,1,0,1,2,Moderate
2024-02-07,3,Campaign_3,low_performer,Video,South,Desktop,16154,151,7,333.26,390.29,598.48,0.0093,0.0464,47.61,0.17,0.5568,CTR Drop,659.3928571428571,0.018828571428571427,0.04781428571428571,0.6371428571428571,0,1,0,0,1,Moderate
2024-02-08,3,Campaign_3,low_performer,Video,South,Desktop,12607,169,6,404.99,304.98,507.91,0.0134,0.0355,67.5,-0.25,0.7974,,666.6557142857143,0.018885714285714283,0.04701428571428572,0.5928571428571429,0,0,0,1,1,Moderate
2024-02-09,3,Campaign_3,low_performer,Video,South,Desktop,17512,662,19,1114.69,898.38,1380.67,0.0378,0.0287,58.67,-0.19,0.8074,,619.0042857142856,0.019,0.045714285714285714,0.5585714285714286,1,0,1,1,3,Severe
2024-02-10,3,Campaign_3,low_performer,Video,South,Desktop,9461,358,16,660.46,488.14,890.37,0.0378,0.0447,41.28,-0.26,0.7418,,687.3714285714285,0.02302857142857143,0.037399999999999996,-0.09999999999999994,0,0,0,1,1,Moderate
2024-02-11,3,Campaign_3,low_performer,Video,South,Desktop,7038,249,14,380.45,842.82,462.3,0.0354,0.0562,27.18,1.22,0.823,,662.8328571428572,0.026357142857142857,0.0429,0.15571428571428575,0,0,0,0,0,Normal
2024-02-12,3,Campaign_3,low_performer,Video,South,Desktop,7646,117,2,189.08,120.25,226.06,0.0153,0.0171,94.54,-0.36,0.8364,,511.13714285714286,0.023071428571428573,0.03812857142857142,0.045714285714285804,0,1,1,1,3,Severe
2024-02-13,3,Campaign_3,low_performer,Video,South,Desktop,19500,619,32,914.61,1607.49,1198.3,0.0317,0.0517,28.58,0.76,0.7633,,571.0771428571429,0.025814285714285717,0.040042857142857144,0.15571428571428578,0,0,0,0,0,Normal
2024-02-14,3,Campaign_3,low_performer,Video,South,Desktop,8724,281,12,375.9,432.75,460.64,0.0322,0.0427,31.33,0.15,0.816,,577.1685714285715,0.029085714285714288,0.03951428571428571,0.15285714285714294,0,0,0,0,0,Normal
2024-02-15,3,Campaign_3,low_performer,Video,South,Desktop,10300,152,5,184.24,199.34,236.12,0.0148,0.0329,36.85,0.08,0.7803,,545.6328571428572,0.029285714285714286,0.039142857142857146,0.2000000000000001,0,1,0,0,1,Moderate
2024-02-16,3,Campaign_3,low_performer,Video,South,Desktop,12343,449,20,720.29,1193.88,939.1,0.0364,0.0445,36.01,0.66,0.767,,489.28999999999996,0.029085714285714288,0.0414,0.3214285714285715,0,0,0,0,0,Normal
2024-02-17,3,Campaign_3,low_performer,Video,South,Desktop,9159,306,12,369.28,725.28,409.47,0.0334,0.0392,30.77,0.96,0.9018,,447.69285714285706,0.028457142857142858,0.040614285714285714,0.49571428571428583,0,0,0,0,0,Normal
2024-02-18,3,Campaign_3,low_performer,Video,South,Desktop,10489,343,16,748.82,1018.86,911.75,0.0327,0.0466,46.8,0.36,0.8213,,500.3171428571428,0.028071428571428574,0.03924285714285714,0.3728571428571429,0,0,0,0,0,Normal
2024-02-19,3,Campaign_3,low_performer,Video,South,Desktop,16596,486,24,1425.28,852.31,1504.83,0.0293,0.0494,59.39,-0.4,0.9471,Spend Spike,676.9171428571428,0.030071428571428572,0.04385714285714286,0.36714285714285716,1,0,0,1,2,Moderate
2024-02-20,3,Campaign_3,low_performer,Video,South,Desktop,12891,199,7,342.88,454.79,420.89,0.0154,0.0352,48.98,0.33,0.8147,,595.2414285714285,0.027742857142857145,0.041499999999999995,0.30571428571428577,0,1,0,0,1,Moderate
2024-02-21,3,Campaign_3,low_performer,Video,South,Desktop,13841,371,15,736.26,855.88,958.06,0.0268,0.0404,49.08,0.16,0.7685,,646.7214285714286,0.026971428571428573,0.041171428571428574,0.3071428571428572,0,0,0,0,0,Normal
2024-02-22,3,Campaign_3,low_performer,Video,South,Desktop,19080,555,14,1167.74,837.72,1571.19,0.0291,0.0252,83.41,-0.28,0.7432,,787.2214285714284,0.029014285714285715,0.04007142857142858,0.2557142857142857,0,0,1,1,2,Moderate
2024-02-23,3,Campaign_3,low_performer,Video,South,Desktop,17258,400,10,650.66,473.61,761.04,0.0232,0.025,65.07,-0.27,0.855,,777.2742857142858,0.02712857142857143,0.03728571428571429,0.1228571428571429,0,0,0,1,1,Moderate
2024-02-24,3,Campaign_3,low_performer,Video,South,Desktop,18002,594,29,944.03,1071.24,1188.9,0.033,0.0488,32.55,0.13,0.794,,859.3814285714286,0.027071428571428573,0.038657142857142855,0.004285714285714337,0,0,0,0,0,Normal
2024-02-25,3,Campaign_3,low_performer,Video,South,Desktop,15590,347,18,589.55,951.75,735.13,0.0223,0.0519,32.75,0.61,0.802,,836.6285714285715,0.025585714285714285,0.03941428571428572,0.04000000000000005,0,0,0,0,0,Normal
2024-02-26,3,Campaign_3,low_performer,Video,South,Desktop,9097,136,6,266.77,320.75,339.98,0.0149,0.0441,44.46,0.2,0.7847,,671.1271428571429,0.02352857142857143,0.038657142857142855,0.12571428571428575,0,1,0,0,1,Moderate
2024-02-27,3,Campaign_3,low_performer,Video,South,Desktop,19178,340,12,793.75,764.13,910.05,0.0177,0.0353,66.15,-0.04,0.8722,,735.5371428571428,0.023857142857142858,0.03867142857142857,0.07285714285714291,0,0,0,1,1,Moderate
2024-02-28,3,Campaign_3,low_performer,Video,South,Desktop,13404,417,18,527.42,1190.82,700.07,0.0311,0.0432,29.3,1.26,0.7534,,705.7028571428572,0.024471428571428568,0.039071428571428576,0.23000000000000004,0,0,0,0,0,Normal
2024-02-29,3,Campaign_3,low_performer,Video,South,Desktop,18048,266,11,366.01,660.61,462.72,0.0147,0.0414,33.27,0.8,0.791,,591.17,0.022414285714285716,0.04138571428571429,0.38428571428571434,0,1,0,0,1,Moderate
2024-03-01,3,Campaign_3,low_performer,Video,South,Desktop,16067,182,3,283.64,123.07,367.82,0.0113,0.0165,94.55,-0.57,0.7711,,538.7385714285714,0.020714285714285713,0.04017142857142857,0.3414285714285715,0,1,1,1,3,Severe
2024-03-02,3,Campaign_3,low_performer,Video,South,Desktop,9014,211,4,271.13,198.01,300.52,0.0234,0.019,67.78,-0.27,0.9022,Conversion Drop,442.60999999999996,0.01934285714285714,0.03591428571428572,0.28428571428571436,0,0,1,1,2,Moderate
2024-03-03,3,Campaign_3,low_performer,Video,South,Desktop,7689,171,5,405.23,154.36,513.0,0.0222,0.0292,81.05,-0.62,0.7899,,416.2785714285714,0.019328571428571428,0.03267142857142857,0.10857142857142867,0,0,0,1,1,Moderate
2024-03-04,3,Campaign_3,low_performer,Video,South,Desktop,13342,290,15,644.97,824.66,789.2,0.0217,0.0517,43.0,0.28,0.8172,,470.3071428571429,0.020300000000000002,0.033757142857142854,0.1200000000000001,0,0,0,0,0,Normal
2024-03-05,3,Campaign_3,low_performer,Video,South,Desktop,10670,170,7,306.53,482.16,383.82,0.0159,0.0412,43.79,0.57,0.7986,,400.70428571428573,0.020042857142857144,0.034600000000000006,0.20714285714285724,0,0,0,0,0,Normal
2024-03-06,3,Campaign_3,low_performer,Video,South,Desktop,14345,453,16,595.92,917.6,736.72,0.0316,0.0353,37.25,0.54,0.8089,,410.48999999999995,0.020114285714285716,0.033471428571428576,0.10428571428571438,0,0,0,0,0,Normal
2024-03-07,3,Campaign_3,low_performer,Video,South,Desktop,13171,417,9,884.12,465.67,1014.03,0.0317,0.0216,98.24,-0.47,0.8719,,484.5057142857143,0.022542857142857142,0.030642857142857145,-0.07714285714285705,1,0,0,1,2,Moderate
2024-03-08,3,Campaign_3,low_performer,Video,South,Desktop,18780,720,38,1490.2,1842.69,1792.62,0.0383,0.0528,39.22,0.24,0.8313,,656.8714285714286,0.026400000000000003,0.03582857142857143,0.03857142857142865,1,0,0,0,1,Moderate
2024-03-09,3,Campaign_3,low_performer,Video,South,Desktop,15535,522,12,867.96,829.47,1127.04,0.0336,0.023,72.33,-0.04,0.7701,,742.1328571428572,0.027857142857142858,0.0364,0.07142857142857151,0,0,1,1,2,Moderate
2024-03-10,3,Campaign_3,low_performer,Video,South,Desktop,9324,139,4,303.54,203.1,372.11,0.0149,0.0288,75.89,-0.33,0.8157,,727.6057142857144,0.026814285714285714,0.03634285714285714,0.11285714285714295,0,1,0,1,2,Moderate
2024-03-11,3,Campaign_3,low_performer,Video,South,Desktop,7781,133,1,329.9,60.88,406.39,0.0171,0.0075,329.9,-0.82,0.8118,Conversion Drop,682.5957142857143,0.026157142857142855,0.03002857142857143,-0.0442857142857142,0,1,1,1,3,Severe
2024-03-12,3,Campaign_3,low_performer,Video,South,Desktop,14264,309,16,520.21,769.09,623.91,0.0217,0.0518,32.51,0.48,0.8338,,713.1214285714286,0.026985714285714283,0.03154285714285714,-0.05714285714285705,0,0,0,0,0,Normal
2024-03-13,3,Campaign_3,low_performer,Video,South,Desktop,9551,149,3,247.89,180.9,292.15,0.0156,0.0201,82.63,-0.27,0.8485,,663.4028571428572,0.0247,0.029371428571428573,-0.1728571428571428,0,1,0,1,2,Moderate
2024-03-14,3,Campaign_3,low_performer,Video,South,Desktop,15078,564,23,792.61,1330.23,1029.06,0.0374,0.0408,34.46,0.68,0.7702,,650.33,0.02551428571428571,0.03211428571428571,-0.008571428571428483,0,0,0,0,0,Normal
2024-03-15,3,Campaign_3,low_performer,Video,South,Desktop,7258,267,7,496.4,377.47,593.96,0.0368,0.0262,70.91,-0.24,0.8357,,508.35857142857145,0.025299999999999996,0.028314285714285712,-0.07714285714285705,0,0,0,1,1,Moderate
2024-03-16,3,Campaign_3,low_performer,Video,South,Desktop,7687,111,4,221.99,133.35,293.16,0.0144,0.036,55.5,-0.4,0.7572,,416.07714285714286,0.02255714285714286,0.03017142857142857,-0.1285714285714285,0,1,0,1,2,Moderate
2024-03-17,3,Campaign_3,low_performer,Video,South,Desktop,14183,562,22,763.85,1298.16,951.72,0.0396,0.0391,34.72,0.7,0.8026,,481.83571428571435,0.02608571428571429,0.031642857142857146,0.018571428571428652,0,0,0,0,0,Normal
2024-03-18,3,Campaign_3,low_performer,Video,South,Desktop,16786,249,5,479.99,255.48,614.31,0.0148,0.0201,96.0,-0.47,0.7813,,503.27714285714285,0.02575714285714286,0.03344285714285714,0.06857142857142863,0,1,1,1,3,Severe
2024-03-19,3,Campaign_3,low_performer,Video,South,Desktop,13788,540,18,856.14,1201.11,1068.13,0.0392,0.0333,47.56,0.4,0.8015,,551.2671428571429,0.02825714285714286,0.0308,0.05714285714285721,0,0,0,0,0,Normal
2024-03-20,3,Campaign_3,low_performer,Video,South,Desktop,12569,435,16,724.33,796.3,946.74,0.0346,0.0368,45.27,0.1,0.7651,,619.33,0.03097142857142857,0.033185714285714284,0.11000000000000007,0,0,0,0,0,Normal
2024-03-21,3,Campaign_3,low_performer,Video,South,Desktop,10348,138,3,294.6,140.41,390.74,0.0133,0.0217,98.2,-0.52,0.754,,548.1857142857143,0.02752857142857143,0.030457142857142856,-0.061428571428571374,0,1,0,1,2,Moderate
2024-03-22,3,Campaign_3,low_performer,Video,South,Desktop,8098,239,10,396.28,636.58,482.6,0.0295,0.0418,39.63,0.61,0.8211,,533.8828571428571,0.026485714285714283,0.03268571428571428,0.06000000000000005,0,0,0,0,0,Normal
2024-03-23,3,Campaign_3,low_performer,Video,South,Desktop,15915,512,12,824.01,361.83,1046.84,0.0322,0.0234,68.67,-0.56,0.7871,,619.8857142857142,0.029028571428571428,0.030885714285714287,0.03714285714285719,0,0,0,1,1,Moderate
2024-03-24,3,Campaign_3,low_performer,Video,South,Desktop,13144,461,14,938.48,808.72,1152.61,0.0351,0.0304,67.03,-0.14,0.8142,,644.8328571428572,0.028385714285714285,0.02964285714285714,-0.08285714285714281,0,0,0,1,1,Moderate
2024-03-25,3,Campaign_3,low_performer,Video,South,Desktop,13370,439,15,960.1,992.16,1111.98,0.0328,0.0342,64.01,0.03,0.8634,,713.4200000000001,0.030957142857142857,0.03165714285714286,-0.01142857142857138,0,0,0,0,0,Normal
2024-03-26,3,Campaign_3,low_performer,Video,South,Desktop,14374,255,14,528.35,733.85,603.41,0.0177,0.0549,37.74,0.39,0.8756,,666.592857142857,0.027885714285714288,0.034742857142857145,-0.012857142857142805,0,1,0,0,1,Moderate
2024-03-27,3,Campaign_3,low_performer,Video,South,Desktop,9659,207,5,798.54,310.47,842.81,0.0214,0.0242,159.71,-0.61,0.9475,Spend Spike,677.1942857142857,0.026000000000000002,0.03294285714285715,-0.11428571428571423,0,0,0,1,1,Moderate
2024-03-28,3,Campaign_3,low_performer,Video,South,Desktop,8750,120,5,295.75,315.21,377.03,0.0137,0.0417,59.15,0.07,0.7844,,677.3585714285715,0.02605714285714286,0.0358,-0.02999999999999994,0,1,0,0,1,Moderate
2024-03-29,3,Campaign_3,low_performer,Video,South,Desktop,18981,603,19,1373.76,783.96,1810.87,0.0318,0.0315,72.3,-0.43,0.7586,,816.9985714285714,0.026385714285714287,0.034328571428571424,-0.17857142857142852,0,0,0,1,1,Moderate
2024-03-30,3,Campaign_3,low_performer,Video,South,Desktop,9723,125,3,152.02,146.25,178.67,0.0129,0.024,50.67,-0.04,0.8508,,721.0000000000001,0.023628571428571426,0.03441428571428572,-0.1042857142857142,0,1,0,1,2,Moderate
2024-01-01,4,Campaign_4,high_performer,Display,South,Desktop,17827,1138,193,1908.72,15406.12,2262.03,0.0638,0.1696,9.89,7.07,0.8438,,,,,,0,0,0,0,0,Normal
2024-01-02,4,Campaign_4,high_performer,Display,South,Desktop,14524,1601,196,1967.92,14909.05,2552.96,0.1102,0.1224,10.04,6.58,0.7708,,,,,,0,0,0,0,0,Normal
2024-01-03,4,Campaign_4,high_performer,Display,South,Desktop,25615,2814,416,2574.62,27302.68,3417.57,0.1099,0.1478,6.19,9.6,0.7533,,2150.42,0.09463333333333333,0.14659999999999998,7.75,0,0,0,0,0,Normal
2024-01-04,4,Campaign_4,high_performer,Display,South,Desktop,29111,3416,348,5105.04,22596.48,6777.8,0.1173,0.1019,14.67,3.43,0.7532,,2889.075,0.1003,0.135425,6.67,0,0,0,0,0,Normal
2024-01-05,4,Campaign_4,high_performer,Display,South,Desktop,24946,2832,383,3984.88,37487.45,4972.83,0.1135,0.1352,10.4,8.41,0.8013,,3108.236,0.10294,0.13538,7.018000000000001,0,0,0,0,0,Normal
2024-01-06,4,Campaign_4,high_performer,Display,South,Desktop,29862,2027,240,3216.34,28379.03,3749.19,0.0679,0.1184,13.4,7.82,0.8579,,3126.2533333333336,0.0971,0.13254999999999997,7.151666666666666,0,1,0,0,1,Moderate
2024-01-07,4,Campaign_4,high_performer,Display,South,Desktop,21984,1673,221,2829.85,13298.73,3484.89,0.0761,0.1321,12.8,3.7,0.812,,3083.91,0.0941,0.1324857142857143,6.658571428571428,0,0,0,0,0,Normal
2024-01-08,4,Campaign_4,high_performer,Display,South,Desktop,25778,1974,350,2233.28,31122.86,2566.09,0.0766,0.1773,6.38,12.94,0.8703,,3130.2757142857145,0.09592857142857143,0.13358571428571428,7.497142857142857,0,0,0,0,0,Normal
2024-01-09,4,Campaign_4,high_performer,Display,South,Desktop,17808,1620,162,1308.42,11849.35,1462.52,0.091,0.1,8.08,8.06,0.8946,,3036.0614285714287,0.09318571428571429,0.13038571428571427,7.708571428571429,0,0,0,0,0,Normal
2024-01-10,4,Campaign_4,high_performer,Display,South,Desktop,28724,2479,291,2966.86,18235.01,3469.61,0.0863,0.1174,10.2,5.15,0.8551,,3092.095714285714,0.08981428571428571,0.12604285714285715,7.072857142857144,0,0,0,0,0,Normal
2024-01-11,4,Campaign_4,high_performer,Display,South,Desktop,12855,632,176,868.86,10873.3,2060.13,0.0492,0.2785,4.94,11.51,0.4218,CTR Drop,2486.9271428571433,0.08008571428571429,0.15127142857142856,8.227142857142857,0,1,0,0,1,Moderate
2024-01-12,4,Campaign_4,high_performer,Display,South,Desktop,23431,1998,265,3411.81,27253.12,4271.51,0.0853,0.1326,12.87,6.99,0.7987,,2405.0600000000004,0.07605714285714285,0.1509,8.024285714285714,0,0,0,0,0,Normal
2024-01-13,4,Campaign_4,high_performer,Display,South,Desktop,12987,824,114,1183.59,7189.77,2373.34,0.0634,0.1383,10.38,5.07,0.4987,CTR Drop,2114.667142857143,0.07541428571428573,0.15374285714285715,7.631428571428572,0,0,0,0,0,Normal
2024-01-14,4,Campaign_4,high_performer,Display,South,Desktop,29373,3172,485,2830.33,46452.96,3502.24,0.108,0.1529,5.84,15.41,0.8081,,2114.735714285714,0.07997142857142857,0.15671428571428575,9.304285714285713,0,0,0,0,0,Normal
2024-01-15,4,Campaign_4,high_performer,Display,South,Desktop,26376,3072,471,11065.89,38487.86,13640.45,0.1165,0.1533,23.49,2.48,0.8113,Spend Spike,3376.5371428571425,0.08567142857142858,0.1532857142857143,7.8100000000000005,1,0,0,0,1,Moderate
2024-01-16,4,Campaign_4,high_performer,Display,South,Desktop,19544,1353,153,1945.45,15982.21,2428.41,0.0692,0.1131,12.72,7.22,0.8011,,3467.5414285714287,0.08255714285714287,0.15515714285714285,7.6899999999999995,0,0,0,0,0,Normal
2024-01-17,4,Campaign_4,high_performer,Display,South,Desktop,25392,2582,368,3224.54,23943.38,3906.87,0.1017,0.1425,8.76,6.43,0.8254,,3504.3528571428574,0.08475714285714285,0.15874285714285716,7.872857142857143,0,0,0,0,0,Normal
2024-01-18,4,Campaign_4,high_performer,Display,South,Desktop,21342,1719,272,2496.49,30120.26,3178.34,0.0805,0.1582,9.18,11.07,0.7855,,3736.871428571428,0.08922857142857142,0.14155714285714285,7.8100000000000005,0,0,0,0,0,Normal
2024-01-19,4,Campaign_4,high_performer,Display,South,Desktop,14120,1106,180,1378.54,19422.51,1799.83,0.0783,0.1627,7.66,13.09,0.7659,,3446.4042857142854,0.08822857142857143,0.14585714285714288,8.681428571428572,0,0,0,0,0,Normal
2024-01-20,4,Campaign_4,high_performer,Display,South,Desktop,15134,997,170,809.87,13974.53,935.53,0.0659,0.1705,4.76,16.26,0.8657,,3393.015714285714,0.08858571428571428,0.15045714285714284,10.280000000000001,0,0,0,0,0,Normal
2024-01-21,4,Campaign_4,high_performer,Display,South,Desktop,15361,1075,144,1013.29,16330.44,1202.24,0.07,0.134,7.04,15.12,0.8428,,3133.4385714285713,0.08315714285714286,0.14775714285714286,10.23857142857143,0,0,0,0,0,Normal
2024-01-22,4,Campaign_4,high_performer,Display,South,Desktop,19611,1622,163,1923.49,17523.02,2402.43,0.0827,0.1005,11.8,8.11,0.8006,,1827.3814285714286,0.07832857142857143,0.1402142857142857,11.042857142857143,0,0,0,0,0,Normal
2024-01-23,4,Campaign_4,high_performer,Display,South,Desktop,25703,2104,247,3762.03,21548.3,4785.56,0.0819,0.1174,15.23,4.73,0.7861,,2086.8928571428573,0.08014285714285714,0.14082857142857144,10.687142857142858,1,0,0,0,1,Moderate
2024-01-24,4,Campaign_4,high_performer,Display,South,Desktop,21591,2561,365,2396.56,24074.72,2761.35,0.1186,0.1425,6.57,9.05,0.8679,,1968.6100000000001,0.08255714285714286,0.14082857142857144,11.061428571428573,0,0,0,0,0,Normal
2024-01-25,4,Campaign_4,high_performer,Display,South,Desktop,23826,1462,234,1839.96,18101.0,2437.99,0.0614,0.1601,7.86,8.84,0.7547,,1874.82,0.07982857142857143,0.1411,10.742857142857144,0,0,0,0,0,Normal
2024-01-26,4,Campaign_4,high_performer,Display,South,Desktop,20036,1771,240,3178.69,22253.49,3566.65,0.0884,0.1355,13.24,6.0,0.8912,,2131.9842857142858,0.08127142857142856,0.1372142857142857,9.73,0,0,0,0,0,Normal
2024-01-27,4,Campaign_4,high_performer,Display,South,Desktop,13936,1158,147,1553.35,10179.56,1923.71,0.0831,0.1269,10.57,5.55,0.8075,,2238.1957142857145,0.08372857142857144,0.1309857142857143,8.2,0,0,0,0,0,Normal
2024-01-28,4,Campaign_4,high_performer,Display,South,Desktop,17498,1930,247,3139.75,25327.58,3722.1,0.1103,0.128,12.71,7.07,0.8435,,2541.975714285714,0.08948571428571428,0.13012857142857143,7.05,0,0,0,0,0,Normal
2024-01-29,4,Campaign_4,high_performer,Display,South,Desktop,20491,2250,323,2171.79,30678.24,2931.76,0.1098,0.1436,6.72,13.13,0.7408,,2577.447142857143,0.09335714285714285,0.1362857142857143,7.767142857142858,0,0,0,0,0,Normal
2024-01-30,4,Campaign_4,high_performer,Display,South,Desktop,25283,2126,381,3572.35,37111.06,4438.09,0.0841,0.1792,9.38,9.39,0.8049,,2550.35,0.09367142857142856,0.14511428571428572,8.432857142857143,0,0,0,0,0,Normal
2024-01-31,4,Campaign_4,high_performer,Display,South,Desktop,28212,1943,326,2935.65,37299.8,3434.19,0.0689,0.1678,9.01,11.71,0.8548,,2627.362857142857,0.08657142857142856,0.14872857142857146,8.812857142857142,0,0,0,0,0,Normal
2024-02-01,4,Campaign_4,high_performer,Display,South,Desktop,13708,1199,123,1853.49,11434.0,2119.2,0.0875,0.1026,15.07,5.17,0.8746,,2629.2957142857144,0.09029999999999998,0.14051428571428573,8.288571428571428,0,0,0,0,0,Normal
2024-02-02,4,Campaign_4,high_performer,Display,South,Desktop,27883,3295,579,4326.01,37994.18,5574.74,0.1182,0.1757,7.47,7.78,0.776,,2793.1985714285715,0.09455714285714287,0.14625714285714286,8.542857142857143,0,0,0,0,0,Normal
2024-02-03,4,Campaign_4,high_performer,Display,South,Desktop,17347,1338,155,2089.69,12894.83,2565.76,0.0771,0.1158,13.48,5.17,0.8145,,2869.818571428572,0.09369999999999999,0.1446714285714286,8.48857142857143,0,0,0,0,0,Normal
2024-02-04,4,Campaign_4,high_performer,Display,South,Desktop,27309,2385,323,3344.05,30841.46,4352.77,0.0873,0.1354,10.35,8.22,0.7683,,2899.004285714286,0.09041428571428571,0.14572857142857143,8.652857142857142,0,0,0,0,0,Normal
2024-02-05,4,Campaign_4,high_performer,Display,South,Desktop,13863,1542,208,2539.63,23625.77,2894.32,0.1112,0.1349,12.21,8.3,0.8775,,2951.5528571428576,0.09061428571428572,0.1444857142857143,7.962857142857142,0,0,0,0,0,Normal
2024-02-06,4,Campaign_4,high_performer,Display,South,Desktop,25324,1981,266,3038.91,28131.04,6121.21,0.0782,0.1343,11.42,8.26,0.4965,CTR Drop,2875.3471428571434,0.08977142857142859,0.13807142857142857,7.801428571428572,0,0,0,0,0,Normal
2024-02-07,4,Campaign_4,high_performer,Display,South,Desktop,12276,1000,164,3018.18,11913.34,3577.64,0.0815,0.164,18.4,2.95,0.8436,Spend Spike,2887.137142857143,0.09157142857142857,0.13752857142857142,6.55,0,0,0,0,0,Normal
2024-02-08,4,Campaign_4,high_performer,Display,South,Desktop,16208,1059,21,893.97,1690.65,1124.82,0.0653,0.0198,42.57,0.89,0.7948,Conversion Drop,2750.062857142857,0.0884,0.1257,5.938571428571429,0,0,1,0,1,Moderate
2024-02-09,4,Campaign_4,high_performer,Display,South,Desktop,19295,2094,357,3141.07,23656.34,3768.58,0.1085,0.1705,8.8,6.53,0.8335,,2580.785714285714,0.08701428571428571,0.12495714285714286,5.76,0,0,0,0,0,Normal
2024-02-10,4,Campaign_4,high_performer,Display,South,Desktop,20605,1266,157,1708.0,15374.29,2125.2,0.0614,0.124,10.88,8.0,0.8037,,2526.2585714285715,0.08477142857142858,0.12612857142857142,6.164285714285714,0,0,0,0,0,Normal
2024-02-11,4,Campaign_4,high_performer,Display,South,Desktop,17242,1933,298,1764.7,32936.29,2048.04,0.1121,0.1542,5.92,17.66,0.8617,,2300.637142857143,0.0883142857142857,0.12881428571428571,7.512857142857143,0,0,0,0,0,Normal
2024-02-12,4,Campaign_4,high_performer,Display,South,Desktop,29881,2515,310,2596.45,23826.68,3377.65,0.0842,0.1233,8.38,8.18,0.7687,,2308.7542857142857,0.08445714285714286,0.12715714285714289,7.4957142857142856,0,0,0,0,0,Normal
2024-02-13,4,Campaign_4,high_performer,Display,South,Desktop,15701,1244,171,1276.38,16831.28,1716.41,0.0792,0.1375,7.46,12.19,0.7436,,2056.964285714286,0.0846,0.1276142857142857,8.057142857142857,0,0,0,0,0,Normal
2024-02-14,4,Campaign_4,high_performer,Display,South,Desktop,27061,1928,303,3213.85,26432.75,4195.22,0.0712,0.1572,10.61,7.22,0.7661,,2084.917142857143,0.08312857142857143,0.12664285714285714,8.667142857142858,0,0,0,0,0,Normal
2024-02-15,4,Campaign_4,high_performer,Display,South,Desktop,24145,1799,282,2918.94,30522.98,3614.01,0.0745,0.1568,10.35,9.46,0.8077,,2374.1985714285715,0.08444285714285715,0.1462142857142857,9.891428571428573,0,0,0,0,0,Normal
2024-02-16,4,Campaign_4,high_performer,Display,South,Desktop,17590,1815,239,1739.9,26987.77,2272.21,0.1032,0.1317,7.28,14.51,0.7657,,2174.031428571429,0.08368571428571428,0.1406714285714286,11.031428571428572,0,0,0,0,0,Normal
2024-02-17,4,Campaign_4,high_performer,Display,South,Desktop,27920,2207,220,2893.66,13818.45,3382.81,0.079,0.0997,13.15,3.78,0.8554,,2343.4114285714286,0.08619999999999998,0.13720000000000002,10.428571428571429,0,0,0,0,0,Normal
2024-02-18,4,Campaign_4,high_performer,Display,South,Desktop,26087,1571,188,2420.76,14847.53,2724.5,0.0602,0.1197,12.88,5.13,0.8885,,2437.1342857142854,0.07878571428571428,0.13227142857142857,8.63857142857143,0,0,0,0,0,Normal
2024-02-19,4,Campaign_4,high_performer,Display,South,Desktop,17793,1402,228,2372.0,19614.62,3148.8,0.0788,0.1626,10.4,7.27,0.7533,,2405.0699999999997,0.07801428571428572,0.13788571428571428,8.508571428571429,0,0,0,0,0,Normal
2024-02-20,4,Campaign_4,high_performer,Display,South,Desktop,23684,1585,163,2162.94,18877.07,2835.75,0.0669,0.1028,13.27,7.73,0.7627,,2531.7214285714285,0.07625714285714287,0.13292857142857142,7.871428571428572,0,0,0,0,0,Normal
2024-02-21,4,Campaign_4,high_performer,Display,South,Desktop,24180,2720,311,2933.36,21078.35,3722.51,0.1125,0.1143,9.43,6.19,0.788,,2491.651428571429,0.08215714285714285,0.1268,7.724285714285714,0,0,0,0,0,Normal
2024-02-22,4,Campaign_4,high_performer,Display,South,Desktop,28211,3016,457,2558.13,37292.58,3425.85,0.1069,0.1515,5.6,13.58,0.7467,,2440.1071428571427,0.08678571428571427,0.12604285714285712,8.312857142857142,0,0,0,0,0,Normal
2024-02-23,4,Campaign_4,high_performer,Display,South,Desktop,13519,980,126,1146.42,7955.8,1481.05,0.0725,0.1286,9.1,5.94,0.7741,,2355.324285714286,0.0824,0.1256,7.088571428571429,0,0,0,0,0,Normal
2024-02-24,4,Campaign_4,high_performer,Display,South,Desktop,27233,1980,302,2519.12,34068.44,2951.28,0.0727,0.1525,8.34,12.52,0.8536,,2301.8185714285714,0.0815,0.13314285714285715,8.337142857142856,0,0,0,0,0,Normal
2024-02-25,4,Campaign_4,high_performer,Display,South,Desktop,26609,2773,493,2363.15,49759.29,2876.04,0.1042,0.1778,4.79,20.06,0.8217,,2293.5885714285714,0.08778571428571427,0.14144285714285715,10.469999999999999,0,0,0,0,0,Normal
2024-02-26,4,Campaign_4,high_performer,Display,South,Desktop,12234,1004,105,915.16,9549.93,1067.9,0.0821,0.1046,8.72,9.44,0.857,,2085.4685714285715,0.08825714285714285,0.13315714285714284,10.780000000000001,0,0,0,0,0,Normal
2024-02-27,4,Campaign_4,high_performer,Display,South,Desktop,15841,968,106,1174.81,9494.62,1411.03,0.0611,0.1095,11.08,7.08,0.8326,,1944.3071428571427,0.08742857142857142,0.1341142857142857,10.687142857142858,0,1,0,0,1,Moderate
2024-02-28,4,Campaign_4,high_performer,Display,South,Desktop,24828,2181,386,2876.81,38851.88,3465.36,0.0878,0.177,7.45,12.51,0.8302,,1936.2285714285715,0.08389999999999999,0.14307142857142857,11.59,0,0,0,0,0,Normal
2024-02-29,4,Campaign_4,high_performer,Display,South,Desktop,22343,1516,255,2085.04,16468.69,2492.97,0.0679,0.1682,8.18,6.9,0.8364,,1868.6442857142854,0.07832857142857143,0.14545714285714287,10.635714285714286,0,0,0,0,0,Normal
2024-03-01,4,Campaign_4,high_performer,Display,South,Desktop,29908,2407,383,2462.99,37729.94,3060.67,0.0805,0.1591,6.43,14.32,0.8047,,2056.725714285714,0.07947142857142857,0.1498142857142857,11.832857142857145,0,0,0,0,0,Normal
2024-03-02,4,Campaign_4,high_performer,Display,South,Desktop,29356,3477,583,2863.64,66411.65,3710.7,0.1184,0.1677,4.91,22.19,0.7717,,2105.942857142857,0.08600000000000001,0.1519857142857143,13.214285714285714,0,0,0,0,0,Normal
2024-03-03,4,Campaign_4,high_performer,Display,South,Desktop,23477,1623,279,2450.95,32431.72,3065.7,0.0691,0.1719,8.78,12.23,0.7995,,2118.485714285714,0.0809857142857143,0.1511428571428571,12.095714285714283,0,0,0,0,0,Normal
2024-03-04,4,Campaign_4,high_performer,Display,South,Desktop,28299,1796,317,3129.93,33954.31,4218.62,0.0635,0.1765,9.87,9.85,0.7419,,2434.8814285714284,0.07832857142857143,0.1614142857142857,12.154285714285715,0,0,0,0,0,Normal
2024-03-05,4,Campaign_4,high_performer,Display,South,Desktop,28661,2348,277,2338.22,18960.15,2935.88,0.0819,0.118,8.44,7.11,0.7964,,2601.082857142857,0.0813,0.1626285714285714,12.15857142857143,0,0,0,0,0,Normal
2024-03-06,4,Campaign_4,high_performer,Display,South,Desktop,20652,2244,338,2666.24,33951.36,3288.8,0.1087,0.1506,7.89,11.73,0.8107,,2571.0014285714283,0.08428571428571428,0.15885714285714284,12.047142857142859,0,0,0,0,0,Normal
2024-03-07,4,Campaign_4,high_performer,Display,South,Desktop,12215,1264,180,1087.83,18252.0,1384.29,0.1035,0.1424,6.04,15.78,0.7858,,2428.542857142857,0.08937142857142857,0.15517142857142857,13.315714285714288,0,0,0,0,0,Normal
2024-03-08,4,Campaign_4,high_performer,Display,South,Desktop,26696,2318,256,4074.89,23495.57,4832.51,0.0868,0.1104,15.92,4.77,0.8432,,2658.8142857142857,0.09027142857142857,0.14821428571428572,11.951428571428574,0,0,0,0,0,Normal
2024-03-09,4,Campaign_4,high_performer,Display,South,Desktop,23837,2584,353,3479.56,30347.04,3963.6,0.1084,0.1366,9.86,7.72,0.8779,,2746.802857142857,0.08884285714285713,0.14377142857142858,9.884285714285713,0,0,0,0,0,Normal
2024-03-10,4,Campaign_4,high_performer,Display,South,Desktop,23691,2697,415,2527.09,49675.04,3112.89,0.1138,0.1539,6.09,18.66,0.8118,,2757.68,0.09522857142857143,0.1412,10.802857142857144,0,0,0,0,0,Normal
2024-03-11,4,Campaign_4,high_performer,Display,South,Desktop,26607,2612,365,3151.83,42771.14,3878.75,0.0982,0.1397,8.64,12.57,0.8126,,2760.808571428571,0.1001857142857143,0.13594285714285714,11.191428571428572,0,0,0,0,0,Normal
2024-03-12,4,Campaign_4,high_performer,Display,South,Desktop,19186,1353,158,1100.03,9614.52,1438.12,0.0705,0.1168,6.96,7.74,0.7649,,2583.9242857142854,0.09855714285714287,0.13577142857142857,11.281428571428574,0,0,0,0,0,Normal
2024-03-13,4,Campaign_4,high_performer,Display,South,Desktop,13296,1563,221,2777.93,23301.93,3315.92,0.1176,0.1414,12.57,7.39,0.8378,,2599.88,0.09982857142857142,0.13445714285714286,10.661428571428573,0,0,0,0,0,Normal
2024-03-14,4,Campaign_4,high_performer,Display,South,Desktop,24782,1831,250,2895.45,29402.52,3737.72,0.0739,0.1365,11.58,9.15,0.7747,,2858.1114285714284,0.0956,0.1336142857142857,9.714285714285714,0,0,0,0,0,Normal
2024-03-15,4,Campaign_4,high_performer,Display,South,Desktop,20155,2329,275,3340.63,20164.25,3994.63,0.1156,0.1181,12.15,5.04,0.8363,,2753.2171428571423,0.09971428571428571,0.13471428571428573,9.752857142857142,0,0,0,0,0,Normal
2024-03-16,4,Campaign_4,high_performer,Display,South,Desktop,17722,1333,159,1603.28,18074.89,1763.79,0.0752,0.1193,10.08,10.27,0.909,,2485.1771428571424,0.09497142857142857,0.13224285714285713,10.117142857142856,0,0,0,0,0,Normal
2024-03-17,4,Campaign_4,high_performer,Display,South,Desktop,14176,888,142,1040.49,11863.74,1340.74,0.0626,0.1599,7.33,10.4,0.7761,,2272.805714285714,0.08765714285714286,0.1331,8.937142857142858,0,0,0,0,0,Normal
2024-03-18,4,Campaign_4,high_performer,Display,South,Desktop,24972,1874,271,2171.18,26936.82,2678.47,0.075,0.1446,8.01,11.41,0.8106,,2132.712857142857,0.08434285714285714,0.1338,8.77142857142857,0,0,0,0,0,Normal
2024-03-19,4,Campaign_4,high_performer,Display,South,Desktop,24602,1802,185,1506.51,13044.96,1983.61,0.0732,0.1027,8.14,7.66,0.7595,,2190.7814285714285,0.08472857142857142,0.13178571428571428,8.76,0,0,0,0,0,Normal
2024-03-20,4,Campaign_4,high_performer,Display,South,Desktop,24996,2578,373,3164.5,29683.45,4145.23,0.1031,0.1447,8.48,8.38,0.7634,,2246.0057142857145,0.08265714285714286,0.13225714285714285,8.901428571428571,0,0,0,0,0,Normal
2024-03-21,4,Campaign_4,high_performer,Display,South,Desktop,22230,2596,444,3165.69,47428.94,3859.24,0.1168,0.171,7.13,13.98,0.8203,,2284.6114285714284,0.08878571428571427,0.13718571428571427,9.59142857142857,0,0,0,0,0,Normal
2024-03-22,4,Campaign_4,high_performer,Display,South,Desktop,18696,1453,214,1210.07,21006.79,1483.42,0.0777,0.1473,5.65,16.36,0.8157,,1980.2457142857143,0.08337142857142857,0.14135714285714285,11.208571428571428,0,0,0,0,0,Normal
2024-03-23,4,Campaign_4,high_performer,Display,South,Desktop,26208,2216,365,3624.99,29174.98,4616.08,0.0846,0.1647,9.93,7.05,0.7853,,2269.0614285714287,0.08471428571428571,0.14784285714285714,10.748571428571427,0,0,0,0,0,Normal
2024-03-24,4,Campaign_4,high_performer,Display,South,Desktop,28673,3227,461,3493.14,39421.81,4202.63,0.1125,0.1429,7.58,10.29,0.8312,,2619.4399999999996,0.09184285714285714,0.14541428571428572,10.732857142857142,0,0,0,0,0,Normal
2024-03-25,4,Campaign_4,high_performer,Display,South,Desktop,29208,2787,292,3238.99,30189.21,3725.29,0.0954,0.1048,11.09,8.32,0.8695,,2771.9842857142858,0.09475714285714286,0.13972857142857142,10.29142857142857,0,0,0,0,0,Normal
2024-03-26,4,Campaign_4,high_performer,Display,South,Desktop,17634,1992,207,1974.31,16271.25,2532.9,0.113,0.1039,9.54,7.24,0.7795,,2838.8128571428574,0.10044285714285714,0.1399,10.231428571428571,0,0,0,0,0,Normal
2024-03-27,4,Campaign_4,high_performer,Display,South,Desktop,14749,1608,193,1722.87,13031.63,2040.29,0.109,0.12,8.93,6.56,0.8444,,2632.8657142857146,0.1012857142857143,0.13637142857142856,9.971428571428572,0,0,0,0,0,Normal
2024-03-28,4,Campaign_4,high_performer,Display,South,Desktop,17141,1432,210,2092.17,13588.54,2586.18,0.0835,0.1466,9.96,5.49,0.809,,2479.5057142857145,0.09652857142857142,0.1328857142857143,8.758571428571427,0,0,0,0,0,Normal
2024-03-29,4,Campaign_4,high_performer,Display,South,Desktop,24541,2332,410,1964.53,31127.02,2456.43,0.095,0.1758,4.79,14.84,0.7998,,2587.285714285714,0.099,0.13695714285714286,8.541428571428572,0,0,0,0,0,Normal
2024-03-30,4,Campaign_4,high_performer,Display,South,Desktop,23156,2167,352,3268.9,24754.52,4390.48,0.0936,0.1624,9.29,6.57,0.7445,,2536.4157142857143,0.10028571428571428,0.1366285714285714,8.472857142857142,0,0,0,0,0,Normal
2024-01-01,5,Campaign_5,unstable,Display,West,Tablet,12406,372,45,452.69,1897.2,503.83,0.03,0.121,10.06,3.19,0.8985,,,,,,0,0,0,0,0,Normal
2024-01-02,5,Campaign_5,unstable,Display,West,Tablet,13363,1313,163,2300.05,14815.72,2853.25,0.0983,0.1241,14.11,5.44,0.8061,,,,,,0,0,0,0,0,Normal
2024-01-03,5,Campaign_5,unstable,Display,West,Tablet,19106,1119,95,1433.28,9828.71,1582.36,0.0586,0.0849,15.09,5.86,0.9058,,1395.3400000000001,0.0623,0.11,4.83,0,0,0,0,0,Normal
2024-01-04,5,Campaign_5,unstable,Display,West,Tablet,16173,1233,168,1672.55,9483.29,2134.54,0.0762,0.1363,9.96,4.67,0.7836,,1464.6425,0.065775,0.116575,4.79,0,0,0,0,0,Normal
2024-01-05,5,Campaign_5,unstable,Display,West,Tablet,20112,1272,98,1479.66,7228.33,1765.06,0.0632,0.077,15.1,3.89,0.8383,,1467.6460000000002,0.06526000000000001,0.10866,4.61,0,0,0,0,0,Normal
2024-01-06,5,Campaign_5,unstable,Display,West,Tablet,14763,563,71,1077.12,6205.45,1353.14,0.0381,0.1261,15.17,4.76,0.796,,1402.5583333333334,0.060733333333333334,0.11156666666666666,4.635000000000001,0,1,0,0,1,Moderate
2024-01-07,5,Campaign_5,unstable,Display,West,Tablet,22758,1024,136,2023.44,14787.74,2543.46,0.045,0.1328,14.88,6.31,0.7955,,1491.2557142857145,0.05848571428571429,0.11460000000000001,4.874285714285714,0,0,0,0,0,Normal
2024-01-08,5,Campaign_5,unstable,Display,West,Tablet,20160,1288,79,1494.29,5111.86,1875.82,0.0639,0.0613,18.92,2.42,0.7966,,1640.0557142857142,0.06332857142857143,0.10607142857142858,4.764285714285714,0,0,1,0,1,Moderate
2024-01-09,5,Campaign_5,unstable,Display,West,Tablet,18989,1299,74,1602.68,3394.7,1896.56,0.0684,0.057,21.66,1.12,0.845,,1540.4314285714286,0.05905714285714286,0.09648571428571429,4.147142857142858,0,0,1,0,1,Moderate
2024-01-10,5,Campaign_5,unstable,Display,West,Tablet,24253,1210,162,2011.75,14094.57,2530.92,0.0499,0.1339,12.42,6.01,0.7949,,1623.07,0.057814285714285714,0.10348571428571429,4.168571428571428,0,0,0,0,0,Normal
2024-01-11,5,Campaign_5,unstable,Display,West,Tablet,17941,1221,169,3263.57,17895.25,4064.52,0.0681,0.1384,19.31,4.48,0.8029,Spend Spike,1850.3585714285714,0.05665714285714286,0.10378571428571429,4.1414285714285715,0,0,0,0,0,Normal
2024-01-12,5,Campaign_5,unstable,Display,West,Tablet,22561,2203,93,2875.8,8523.63,3669.92,0.0976,0.0422,30.92,1.96,0.7836,,2049.807142857143,0.061571428571428576,0.09881428571428572,3.8657142857142857,0,0,1,0,1,Moderate
2024-01-13,5,Campaign_5,unstable,Display,West,Tablet,19162,1311,113,2373.23,9508.84,2936.64,0.0684,0.0862,21.0,3.01,0.8081,,2234.9657142857145,0.0659,0.09311428571428572,3.6157142857142857,0,0,0,0,0,Normal
2024-01-14,5,Campaign_5,unstable,Display,West,Tablet,13518,1299,81,1088.69,6636.58,1367.3,0.0961,0.0624,13.44,5.1,0.7962,,2101.43,0.0732,0.08305714285714284,3.4428571428571426,0,0,0,0,0,Normal
2024-01-15,5,Campaign_5,unstable,Display,West,Tablet,27253,2649,152,4540.49,13598.54,5686.97,0.0972,0.0574,29.87,1.99,0.7984,,2536.6014285714286,0.07795714285714285,0.08249999999999999,3.3814285714285717,0,0,0,0,0,Normal
2024-01-16,5,Campaign_5,unstable,Display,West,Tablet,19619,1878,78,1750.75,8278.26,2248.2,0.0957,0.0415,22.45,3.73,0.7787,,2557.7542857142857,0.08185714285714285,0.0802857142857143,3.7542857142857144,0,0,1,0,1,Moderate
2024-01-17,5,Campaign_5,unstable,Display,West,Tablet,13813,967,68,750.13,5706.84,897.46,0.07,0.0703,11.03,6.61,0.8358,,2377.522857142857,0.08472857142857144,0.0712,3.8400000000000003,0,0,0,0,0,Normal
2024-01-18,5,Campaign_5,unstable,Display,West,Tablet,12082,1167,86,2286.97,4575.01,2900.14,0.0966,0.0737,26.59,1.0,0.7886,,2238.0085714285715,0.0888,0.061957142857142856,3.3428571428571425,0,0,0,0,0,Normal
2024-01-19,5,Campaign_5,unstable,Display,West,Tablet,28753,2283,150,4646.1,6885.16,6048.28,0.0794,0.0657,30.97,0.48,0.7682,,2490.9085714285716,0.08619999999999998,0.06531428571428571,3.1314285714285717,1,0,0,0,1,Moderate
2024-01-20,5,Campaign_5,unstable,Display,West,Tablet,14426,1123,34,1779.04,2819.63,2240.56,0.0778,0.0303,52.32,0.58,0.794,,2406.024285714286,0.08754285714285714,0.05732857142857143,2.7842857142857143,0,0,1,0,1,Moderate
2024-01-21,5,Campaign_5,unstable,Display,West,Tablet,22278,800,101,1446.47,4137.18,1680.93,0.0359,0.1263,14.32,1.86,0.8605,,2457.1357142857146,0.07894285714285713,0.06645714285714285,2.3214285714285716,0,1,0,0,1,Moderate
2024-01-22,5,Campaign_5,unstable,Display,West,Tablet,17039,1582,109,2115.38,6003.08,2642.69,0.0928,0.0689,19.41,1.84,0.8005,,2110.691428571429,0.07831428571428571,0.06810000000000001,2.3000000000000003,0,0,0,0,0,Normal
2024-01-23,5,Campaign_5,unstable,Display,West,Tablet,29910,2604,308,5037.37,32429.24,6226.51,0.0871,0.1183,16.36,5.44,0.809,,2580.2085714285713,0.07708571428571429,0.07907142857142857,2.5442857142857145,1,0,0,0,1,Moderate
2024-01-24,5,Campaign_5,unstable,Display,West,Tablet,13014,1028,89,825.16,5872.03,1097.62,0.079,0.0866,9.27,6.12,0.7518,,2590.9271428571433,0.07837142857142856,0.0814,2.474285714285714,0,0,0,0,0,Normal
2024-01-25,5,Campaign_5,unstable,Display,West,Tablet,17488,1560,203,3103.99,8617.46,4025.39,0.0892,0.1301,15.29,1.78,0.7711,,2707.644285714286,0.07731428571428571,0.08945714285714286,2.585714285714286,0,0,0,0,0,Normal
2024-01-26,5,Campaign_5,unstable,Display,West,Tablet,17307,1500,127,2253.81,6363.61,2920.93,0.0867,0.0847,17.75,1.82,0.7716,,2365.8885714285716,0.07835714285714286,0.09217142857142857,2.777142857142857,0,0,0,0,0,Normal
2024-01-27,5,Campaign_5,unstable,Display,West,Tablet,22751,1262,40,1453.28,3007.37,1795.41,0.0555,0.0317,36.33,1.07,0.8094,,2319.3514285714286,0.07517142857142857,0.09237142857142856,2.847142857142857,0,0,1,0,1,Moderate
2024-01-28,5,Campaign_5,unstable,Display,West,Tablet,15278,649,70,465.49,4803.01,619.57,0.0425,0.1079,6.65,9.32,0.7513,,2179.2114285714283,0.07611428571428572,0.08974285714285715,3.912857142857143,0,1,0,0,1,Moderate
2024-01-29,5,Campaign_5,unstable,Display,West,Tablet,14032,489,50,989.02,4849.44,1257.32,0.0348,0.1022,19.78,3.9,0.7866,,2018.302857142857,0.06782857142857143,0.0945,4.207142857142857,0,1,0,0,1,Moderate
2024-01-30,5,Campaign_5,unstable,Display,West,Tablet,12195,1145,41,1751.93,2371.51,2252.34,0.0939,0.0358,42.73,0.35,0.7778,Conversion Drop,1548.9542857142858,0.0688,0.08271428571428571,3.48,0,0,1,0,1,Moderate
2024-01-31,5,Campaign_5,unstable,Display,West,Tablet,26125,2432,327,2894.36,21192.79,3549.67,0.0931,0.1345,8.85,6.32,0.8154,,1844.554285714286,0.0708142857142857,0.08955714285714286,3.508571428571429,0,0,0,0,0,Normal
2024-02-01,5,Campaign_5,unstable,Display,West,Tablet,18972,975,88,1418.33,4714.2,1864.68,0.0514,0.0903,16.12,2.32,0.7606,,1603.7457142857145,0.06541428571428572,0.08387142857142858,3.585714285714286,0,0,0,0,0,Normal
2024-02-02,5,Campaign_5,unstable,Display,West,Tablet,28322,1505,47,1721.59,3390.73,2070.68,0.0531,0.0312,36.63,0.97,0.8314,,1527.7142857142858,0.06061428571428572,0.07622857142857144,3.4642857142857144,0,0,1,0,1,Moderate
2024-02-03,5,Campaign_5,unstable,Display,West,Tablet,17520,1388,173,2078.99,16480.02,2441.14,0.0792,0.1246,12.02,6.93,0.8516,,1617.1014285714284,0.064,0.08950000000000001,4.301428571428572,0,0,0,0,0,Normal
2024-02-04,5,Campaign_5,unstable,Display,West,Tablet,16733,556,71,590.64,4600.73,681.51,0.0332,0.1277,8.32,6.79,0.8667,,1634.98,0.06267142857142857,0.09232857142857143,3.94,0,1,0,0,1,Moderate
2024-02-05,5,Campaign_5,unstable,Display,West,Tablet,23803,1068,51,1138.05,2995.33,1347.36,0.0449,0.0478,22.31,1.63,0.8447,,1656.27,0.06411428571428572,0.08455714285714286,3.615714285714286,0,0,1,0,1,Moderate
2024-02-06,5,Campaign_5,unstable,Display,West,Tablet,22602,1458,110,1958.7,8564.97,2495.59,0.0645,0.0754,17.81,3.37,0.7849,,1685.8085714285714,0.05991428571428571,0.09021428571428572,4.047142857142857,0,0,0,0,0,Normal
2024-02-07,5,Campaign_5,unstable,Display,West,Tablet,17618,1122,104,822.66,11040.43,1048.2,0.0637,0.0927,7.91,12.42,0.7848,,1389.8514285714284,0.055714285714285716,0.08424285714285715,4.918571428571428,0,0,0,0,0,Normal
2024-02-08,5,Campaign_5,unstable,Display,West,Tablet,16390,515,54,519.83,3641.23,688.21,0.0314,0.1049,9.63,6.0,0.7553,,1261.4942857142858,0.052857142857142866,0.08632857142857144,5.444285714285714,0,1,0,0,1,Moderate
2024-02-09,5,Campaign_5,unstable,Display,West,Tablet,12192,261,30,209.73,2195.94,260.1,0.0214,0.1149,6.99,9.47,0.8063,,1045.5142857142857,0.04832857142857143,0.0982857142857143,6.658571428571428,0,1,0,0,1,Moderate
2024-02-10,5,Campaign_5,unstable,Display,West,Tablet,21359,444,48,667.55,4729.36,871.38,0.0208,0.1081,13.91,6.08,0.7661,,843.88,0.039985714285714284,0.09592857142857143,6.537142857142858,0,1,0,0,1,Moderate
2024-02-11,5,Campaign_5,unstable,Display,West,Tablet,23186,993,87,1455.58,8477.45,1748.36,0.0428,0.0876,16.73,4.82,0.8325,,967.4428571428571,0.041357142857142856,0.09020000000000002,6.255714285714286,0,0,0,0,0,Normal
2024-02-12,5,Campaign_5,unstable,Display,West,Tablet,23181,1182,139,2426.25,7539.79,2736.52,0.051,0.1176,17.46,2.11,0.8866,,1151.4714285714285,0.04222857142857143,0.10017142857142858,6.324285714285715,1,0,0,0,1,Moderate
2024-02-13,5,Campaign_5,unstable,Display,West,Tablet,17991,1753,65,2931.85,2937.18,3500.24,0.0974,0.0371,45.11,0.0,0.8376,,1290.492857142857,0.04692857142857143,0.09469999999999999,5.842857142857143,1,0,1,0,2,Moderate
2024-02-14,5,Campaign_5,unstable,Display,West,Tablet,24508,1586,32,1633.84,2065.17,1949.39,0.0647,0.0202,51.06,0.26,0.8381,Conversion Drop,1406.3757142857141,0.04707142857142858,0.08434285714285714,4.105714285714286,0,0,1,0,1,Moderate
2024-02-15,5,Campaign_5,unstable,Display,West,Tablet,14890,1080,116,769.55,6407.46,973.8,0.0725,0.1074,6.63,7.33,0.7903,,1442.0499999999997,0.05294285714285713,0.0847,4.295714285714285,0,0,0,0,0,Normal
2024-02-16,5,Campaign_5,unstable,Display,West,Tablet,29889,2445,220,1955.25,20604.33,2436.1,0.0818,0.09,8.89,9.54,0.8026,,1691.4099999999999,0.06157142857142857,0.08114285714285714,4.305714285714286,0,0,0,0,0,Normal
2024-02-17,5,Campaign_5,unstable,Display,West,Tablet,14854,1102,125,795.58,6813.37,1017.0,0.0742,0.1134,6.36,7.56,0.7823,,1709.7,0.0692,0.0819,4.517142857142857,0,0,0,0,0,Normal
2024-02-18,5,Campaign_5,unstable,Display,West,Tablet,14942,1363,153,2810.97,14245.84,3511.71,0.0912,0.1123,18.37,4.07,0.8005,,1903.3271428571427,0.0761142857142857,0.08542857142857142,4.409999999999999,0,0,0,0,0,Normal
2024-02-19,5,Campaign_5,unstable,Display,West,Tablet,23748,1504,170,1745.18,11738.16,2230.68,0.0633,0.113,10.27,5.73,0.7824,,1806.0314285714287,0.07787142857142858,0.08477142857142858,4.927142857142857,0,0,0,0,0,Normal
2024-02-20,5,Campaign_5,unstable,Display,West,Tablet,17944,705,37,942.78,3831.3,1156.57,0.0393,0.0525,25.48,3.06,0.8152,,1521.8785714285714,0.06957142857142858,0.08697142857142857,5.364285714285714,0,1,1,0,2,Moderate
2024-02-21,5,Campaign_5,unstable,Display,West,Tablet,18539,1029,81,2199.74,5684.26,2721.82,0.0555,0.0787,27.16,1.58,0.8082,,1602.7214285714285,0.06825714285714286,0.09532857142857143,5.552857142857143,0,0,0,0,0,Normal
2024-02-22,5,Campaign_5,unstable,Display,West,Tablet,24226,1717,112,1896.03,5976.86,2414.9,0.0709,0.0652,16.93,2.15,0.7851,,1763.6471428571429,0.06802857142857142,0.0893,4.812857142857142,0,0,0,0,0,Normal
2024-02-23,5,Campaign_5,unstable,Display,West,Tablet,19957,499,57,964.3,4121.48,1297.78,0.025,0.1142,16.92,3.27,0.743,,1622.082857142857,0.05991428571428571,0.09275714285714286,3.9171428571428573,0,1,0,0,1,Moderate
2024-02-24,5,Campaign_5,unstable,Display,West,Tablet,12203,391,21,545.83,1228.09,663.11,0.032,0.0537,25.99,1.25,0.8231,,1586.4042857142854,0.053885714285714294,0.08422857142857143,3.015714285714286,0,1,1,0,2,Moderate
2024-02-25,5,Campaign_5,unstable,Display,West,Tablet,15191,1346,156,1808.32,8435.63,2221.61,0.0886,0.1159,11.59,3.66,0.814,,1443.1685714285716,0.05351428571428572,0.08474285714285713,2.9571428571428577,0,0,0,0,0,Normal
2024-02-26,5,Campaign_5,unstable,Display,West,Tablet,16172,1391,171,1493.26,13743.13,1866.24,0.086,0.1229,8.73,8.2,0.8001,,1407.1799999999998,0.05675714285714285,0.08615714285714285,3.31,0,0,0,0,0,Normal
2024-02-27,5,Campaign_5,unstable,Display,West,Tablet,20490,1940,229,3320.09,9251.67,4038.74,0.0947,0.118,14.5,1.79,0.8221,,1746.7957142857142,0.06467142857142857,0.0955142857142857,3.1285714285714286,1,0,0,0,1,Moderate
2024-02-28,5,Campaign_5,unstable,Display,West,Tablet,14850,323,22,605.82,1751.92,713.77,0.0218,0.0681,27.54,1.89,0.8488,,1519.0928571428574,0.05985714285714285,0.094,3.172857142857143,0,1,0,0,1,Moderate
2024-02-29,5,Campaign_5,unstable,Display,West,Tablet,12165,259,33,455.64,2033.69,516.31,0.0213,0.1274,13.81,3.46,0.8825,,1313.3228571428572,0.052771428571428566,0.10288571428571427,3.36,0,1,0,0,1,Moderate
2024-03-01,5,Campaign_5,unstable,Display,West,Tablet,25519,1357,100,1744.95,4485.3,2197.91,0.0532,0.0737,17.45,1.57,0.7939,,1424.844285714286,0.0568,0.09709999999999999,3.1171428571428565,0,0,0,0,0,Normal
2024-03-02,5,Campaign_5,unstable,Display,West,Tablet,12572,642,35,1024.17,3674.05,1364.49,0.0511,0.0545,29.26,2.59,0.7506,,1493.1785714285718,0.059528571428571424,0.09721428571428571,3.3085714285714283,0,0,1,0,1,Moderate
2024-03-03,5,Campaign_5,unstable,Display,West,Tablet,29722,1710,134,2464.49,13436.6,2995.07,0.0575,0.0784,18.39,4.45,0.8228,,1586.9171428571426,0.05508571428571428,0.09185714285714286,3.421428571428571,0,0,0,0,0,Normal
2024-03-04,5,Campaign_5,unstable,Display,West,Tablet,25878,2305,97,4811.85,8168.86,5990.03,0.0891,0.0421,49.61,0.7,0.8033,,2061.0014285714287,0.05552857142857143,0.08031428571428571,2.35,1,0,1,0,2,Moderate
2024-03-05,5,Campaign_5,unstable,Display,West,Tablet,12917,419,41,669.96,2154.75,855.06,0.0324,0.0979,16.34,2.22,0.7835,,1682.4114285714288,0.04662857142857143,0.07744285714285715,2.411428571428572,0,1,0,0,1,Moderate
2024-03-06,5,Campaign_5,unstable,Display,West,Tablet,24380,2338,85,4040.28,3548.55,4617.47,0.0959,0.0364,47.53,-0.12,0.875,,2173.0485714285714,0.05721428571428572,0.07291428571428571,2.1242857142857146,1,0,1,1,3,Severe
2024-03-07,5,Campaign_5,unstable,Display,West,Tablet,16627,1610,143,2306.72,9742.89,2626.02,0.0968,0.0888,16.13,3.22,0.8784,,2437.488571428571,0.06799999999999999,0.0674,2.09,0,0,0,0,0,Normal
2024-03-08,5,Campaign_5,unstable,Display,West,Tablet,21802,1470,38,1143.64,1604.44,1402.33,0.0674,0.0259,30.1,0.4,0.8155,Conversion Drop,2351.587142857143,0.07002857142857143,0.06057142857142857,1.922857142857143,0,0,1,0,1,Moderate
2024-03-09,5,Campaign_5,unstable,Display,West,Tablet,25455,1915,183,2781.28,19824.96,3534.63,0.0752,0.0956,15.2,6.13,0.7869,,2602.6028571428574,0.07347142857142856,0.06644285714285715,2.4285714285714284,0,0,0,0,0,Normal
2024-03-10,5,Campaign_5,unstable,Display,West,Tablet,15327,1290,180,961.1,18506.81,1206.81,0.0842,0.1395,5.34,18.26,0.7964,,2387.8328571428574,0.07728571428571429,0.07517142857142857,4.401428571428572,0,0,0,0,0,Normal
2024-03-11,5,Campaign_5,unstable,Display,West,Tablet,21076,526,35,421.08,3789.59,549.19,0.025,0.0665,12.03,8.0,0.7667,,1760.58,0.06812857142857143,0.07865714285714286,5.444285714285714,0,1,0,0,1,Moderate
2024-03-12,5,Campaign_5,unstable,Display,West,Tablet,13546,1126,85,1072.15,6225.96,1194.17,0.0831,0.0755,12.61,4.81,0.8978,,1818.0357142857142,0.07537142857142858,0.07545714285714286,5.814285714285715,0,0,0,0,0,Normal
2024-03-13,5,Campaign_5,unstable,Display,West,Tablet,25070,796,109,1463.8,11744.02,1771.1,0.0318,0.1369,13.43,7.02,0.8265,,1449.967142857143,0.06621428571428571,0.08981428571428572,6.834285714285714,0,1,0,0,1,Moderate
2024-03-14,5,Campaign_5,unstable,Display,West,Tablet,28575,1255,69,1122.62,3998.72,1334.6,0.0439,0.055,16.27,2.56,0.8412,,1280.81,0.05865714285714285,0.0849857142857143,6.74,0,0,1,0,1,Moderate
2024-03-15,5,Campaign_5,unstable,Display,West,Tablet,24057,2038,32,2474.07,3216.84,2817.3,0.0847,0.0157,77.31,0.3,0.8782,Conversion Drop,1470.8714285714286,0.06112857142857142,0.08352857142857142,6.725714285714285,0,0,1,0,1,Moderate
2024-03-16,5,Campaign_5,unstable,Display,West,Tablet,14011,972,45,1378.05,4258.75,1620.46,0.0694,0.0463,30.62,2.09,0.8504,,1270.41,0.0603,0.07648571428571428,6.148571428571429,0,0,1,0,1,Moderate
2024-03-17,5,Campaign_5,unstable,Display,West,Tablet,26139,810,44,1125.39,2703.91,2797.13,0.031,0.0543,25.58,1.4,0.4023,CTR Drop,1293.8799999999999,0.052700000000000004,0.06431428571428571,3.7399999999999993,0,1,0,0,1,Moderate
2024-03-18,5,Campaign_5,unstable,Display,West,Tablet,12687,809,112,1372.31,6042.09,1595.33,0.0638,0.1384,12.25,3.4,0.8602,,1429.77,0.058242857142857145,0.07458571428571428,3.0828571428571423,0,0,0,0,0,Normal
2024-03-19,5,Campaign_5,unstable,Display,West,Tablet,15103,1376,97,1366.02,7202.98,1755.9,0.0911,0.0705,14.08,4.27,0.778,,1471.7514285714285,0.059385714285714285,0.07387142857142857,3.005714285714285,0,0,0,0,0,Normal
2024-03-20,5,Campaign_5,unstable,Display,West,Tablet,29618,2151,92,4085.99,4473.62,5208.14,0.0726,0.0428,44.41,0.09,0.7845,,1846.35,0.06521428571428571,0.06042857142857143,2.015714285714285,1,0,0,0,1,Moderate
2024-03-21,5,Campaign_5,unstable,Display,West,Tablet,14535,519,69,499.92,5502.12,622.31,0.0357,0.1329,7.25,10.01,0.8033,,1757.392857142857,0.06404285714285715,0.07155714285714286,3.079999999999999,0,1,0,0,1,Moderate
2024-03-22,5,Campaign_5,unstable,Display,West,Tablet,29958,2833,316,3170.48,15552.18,4164.98,0.0946,0.1115,10.03,3.91,0.7612,,1856.8799999999999,0.06545714285714287,0.08524285714285715,3.5957142857142848,0,0,0,0,0,Normal
2024-03-23,5,Campaign_5,unstable,Display,West,Tablet,18901,1626,99,3399.45,10681.59,4224.89,0.086,0.0609,34.34,2.14,0.8046,,2145.6514285714284,0.06782857142857143,0.08732857142857142,3.6028571428571423,0,0,0,0,0,Normal
2024-03-24,5,Campaign_5,unstable,Display,West,Tablet,23874,2270,291,2738.12,26499.18,3416.36,0.0951,0.1282,9.41,8.68,0.8015,,2376.0414285714287,0.07698571428571428,0.09788571428571428,4.642857142857143,0,0,0,0,0,Normal
2024-03-25,5,Campaign_5,unstable,Display,West,Tablet,16820,1512,86,1655.44,3443.93,2181.32,0.0899,0.0569,19.25,1.08,0.7589,,2416.488571428571,0.08071428571428571,0.08624285714285715,4.3114285714285705,0,0,0,0,0,Normal
2024-03-26,5,Campaign_5,unstable,Display,West,Tablet,12336,396,31,485.82,1443.5,593.44,0.0321,0.0783,15.67,1.97,0.8187,,2290.7457142857143,0.07228571428571429,0.08735714285714284,3.9828571428571427,0,1,0,0,1,Moderate
2024-03-27,5,Campaign_5,unstable,Display,West,Tablet,23949,1647,216,3094.25,17560.01,3683.7,0.0688,0.1311,14.33,4.68,0.84,,2149.0685714285714,0.07174285714285714,0.09997142857142857,4.638571428571427,0,0,0,0,0,Normal
2024-03-28,5,Campaign_5,unstable,Display,West,Tablet,29270,1726,133,2753.6,14625.88,3558.65,0.059,0.0771,20.7,4.31,0.7738,,2471.022857142857,0.07507142857142857,0.092,3.824285714285714,0,0,0,0,0,Normal
2024-03-29,5,Campaign_5,unstable,Display,West,Tablet,14828,1096,124,841.92,10572.49,973.84,0.0739,0.1131,6.79,11.56,0.8645,,2138.3714285714286,0.0721142857142857,0.09222857142857142,4.917142857142856,0,0,0,0,0,Normal
2024-03-30,5,Campaign_5,unstable,Display,West,Tablet,15435,927,32,697.44,2514.6,843.58,0.0601,0.0345,21.8,2.61,0.8268,,1752.3700000000001,0.06841428571428572,0.08845714285714286,4.984285714285713,0,0,1,0,1,Moderate
2024-01-01,6,Campaign_6,high_performer,Display,East,Desktop,15871,999,157,910.68,15150.37,1065.73,0.0629,0.1572,5.8,15.64,0.8545,,,,,,0,0,0,0,0,Normal
2024-01-02,6,Campaign_6,high_performer,Display,East,Desktop,15303,1101,114,1506.68,11296.37,1840.11,0.0719,0.1035,13.22,6.5,0.8188,,,,,,0,0,0,0,0,Normal
2024-01-03,6,Campaign_6,high_performer,Display,East,Desktop,21783,1813,190,1485.13,20826.19,1828.47,0.0832,0.1048,7.82,13.02,0.8122,,1300.83,0.07266666666666667,0.12183333333333334,11.719999999999999,0,0,0,0,0,Normal
2024-01-04,6,Campaign_6,high_performer,Display,East,Desktop,24391,2829,342,3993.03,34442.82,4949.09,0.116,0.1209,11.68,7.63,0.8068,,1973.88,0.0835,0.1216,10.6975,1,0,0,0,1,Moderate
2024-01-05,6,Campaign_6,high_performer,Display,East,Desktop,23989,1838,225,3241.06,13638.84,4145.36,0.0766,0.1224,14.4,3.21,0.7819,,2227.316,0.08212,0.12176000000000001,9.2,0,0,0,0,0,Normal
2024-01-06,6,Campaign_6,high_performer,Display,East,Desktop,29901,3219,195,3033.12,15364.01,3980.62,0.1077,0.0606,15.55,4.07,0.762,Conversion Drop,2361.616666666667,0.08638333333333333,0.11156666666666666,8.345,0,0,1,0,1,Moderate
2024-01-07,6,Campaign_6,high_performer,Display,East,Desktop,25255,2938,400,2933.57,27957.23,3402.93,0.1163,0.1361,7.33,8.53,0.8621,,2443.324285714286,0.09065714285714287,0.11507142857142857,8.371428571428572,0,0,0,0,0,Normal
2024-01-08,6,Campaign_6,high_performer,Display,East,Desktop,21590,2549,345,3317.57,25805.83,4039.94,0.1181,0.1353,9.62,6.78,0.8212,,2787.1657142857143,0.09854285714285715,0.11194285714285714,7.105714285714286,0,0,0,0,0,Normal
2024-01-09,6,Campaign_6,high_performer,Display,East,Desktop,23273,1643,202,1503.01,23531.38,1947.98,0.0706,0.1229,7.44,14.66,0.7716,,2786.6414285714286,0.09835714285714285,0.1147142857142857,8.27142857142857,0,0,0,0,0,Normal
2024-01-10,6,Campaign_6,high_performer,Display,East,Desktop,27641,2847,479,3293.32,50509.53,3865.59,0.103,0.1682,6.88,14.34,0.852,,3044.9542857142856,0.1011857142857143,0.12377142857142856,8.459999999999999,0,0,0,0,0,Normal
2024-01-11,6,Campaign_6,high_performer,Display,East,Desktop,21461,1533,175,1750.85,15014.56,2289.65,0.0714,0.1142,10.0,7.58,0.7647,,2724.6428571428573,0.09481428571428573,0.12281428571428572,8.452857142857143,0,0,0,0,0,Normal
2024-01-12,6,Campaign_6,high_performer,Display,East,Desktop,25171,1945,271,2139.39,25952.29,2585.37,0.0773,0.1393,7.89,11.13,0.8275,,2567.261428571429,0.09491428571428571,0.12522857142857144,9.584285714285715,0,0,0,0,0,Normal
2024-01-13,6,Campaign_6,high_performer,Display,East,Desktop,28260,2297,238,2338.14,14496.73,2911.81,0.0813,0.1036,9.82,5.2,0.803,,2467.9785714285713,0.09114285714285715,0.13137142857142856,9.745714285714286,0,0,0,0,0,Normal
2024-01-14,6,Campaign_6,high_performer,Display,East,Desktop,25159,2501,429,3000.0,34151.7,3630.59,0.0994,0.1715,6.99,10.38,0.8263,,2477.468571428571,0.08872857142857142,0.13642857142857143,10.01,0,0,0,0,0,Normal
2024-01-15,6,Campaign_6,high_performer,Display,East,Desktop,14052,926,98,1075.59,6421.95,1340.48,0.0659,0.1058,10.98,4.97,0.8024,,2157.1857142857143,0.08127142857142856,0.1322142857142857,9.751428571428573,0,0,0,0,0,Normal
2024-01-16,6,Campaign_6,high_performer,Display,East,Desktop,26011,2523,426,2581.19,47876.66,3348.77,0.097,0.1688,6.06,17.55,0.7708,,2311.2114285714283,0.08504285714285713,0.13877142857142857,10.164285714285715,0,0,0,0,0,Normal
2024-01-17,6,Campaign_6,high_performer,Display,East,Desktop,20923,1035,242,1831.66,20781.52,5230.12,0.0495,0.2338,7.57,10.35,0.3502,CTR Drop,2102.4028571428576,0.0774,0.14814285714285713,9.594285714285714,0,1,0,0,1,Moderate
2024-01-18,6,Campaign_6,high_performer,Display,East,Desktop,22350,2111,109,3142.78,12411.24,4042.54,0.0945,0.0516,28.83,2.95,0.7774,Conversion Drop,2301.25,0.0807,0.13920000000000002,8.932857142857143,0,0,1,0,1,Moderate
2024-01-19,6,Campaign_6,high_performer,Display,East,Desktop,18845,2041,257,2059.49,16725.89,2508.83,0.1083,0.1259,8.01,7.12,0.8209,,2289.8357142857144,0.08512857142857143,0.1372857142857143,8.360000000000001,0,0,0,0,0,Normal
2024-01-20,6,Campaign_6,high_performer,Display,East,Desktop,18509,1313,145,1807.31,15328.39,2341.15,0.0709,0.1104,12.46,7.48,0.772,,2214.002857142857,0.08364285714285713,0.13825714285714288,8.685714285714287,0,0,0,0,0,Normal
2024-01-21,6,Campaign_6,high_performer,Display,East,Desktop,21275,1427,249,2117.48,22881.69,2396.03,0.0671,0.1745,8.5,9.81,0.8837,,2087.9285714285716,0.07902857142857143,0.13868571428571427,8.604285714285714,0,0,0,0,0,Normal
2024-01-22,6,Campaign_6,high_performer,Display,East,Desktop,20901,2074,310,2348.0,35862.69,3078.73,0.0992,0.1495,7.57,14.27,0.7627,,2269.7014285714286,0.08378571428571428,0.14492857142857143,9.932857142857143,0,0,0,0,0,Normal
2024-01-23,6,Campaign_6,high_performer,Display,East,Desktop,19566,1893,331,2767.15,21385.31,3289.22,0.0967,0.1749,8.36,6.73,0.8413,,2296.267142857143,0.08374285714285715,0.14579999999999999,8.387142857142859,0,0,0,0,0,Normal
2024-01-24,6,Campaign_6,high_performer,Display,East,Desktop,24719,1552,194,1921.65,22107.39,2576.1,0.0628,0.125,9.91,10.5,0.746,,2309.1228571428574,0.08564285714285715,0.13025714285714285,8.40857142857143,0,0,0,0,0,Normal
2024-01-25,6,Campaign_6,high_performer,Display,East,Desktop,27161,2506,306,6899.4,23647.78,7460.02,0.0923,0.1221,22.55,2.43,0.9249,Spend Spike,2845.782857142857,0.08532857142857142,0.14032857142857144,8.334285714285715,1,0,0,0,1,Moderate
2024-01-26,6,Campaign_6,high_performer,Display,East,Desktop,27193,1906,324,2586.52,23938.04,3211.48,0.0701,0.17,7.98,8.25,0.8054,,2921.0728571428567,0.07987142857142857,0.1466285714285714,8.495714285714286,0,0,0,0,0,Normal
2024-01-27,6,Campaign_6,high_performer,Display,East,Desktop,21772,2399,249,3033.81,20611.47,3577.31,0.1102,0.1038,12.18,5.79,0.8481,,3096.287142857143,0.08548571428571428,0.14568571428571428,8.254285714285714,0,0,0,0,0,Normal
2024-01-28,6,Campaign_6,high_performer,Display,East,Desktop,17316,1850,243,6312.65,27608.61,6927.68,0.1068,0.1314,25.98,3.37,0.9112,Spend Spike,3695.5971428571424,0.09115714285714284,0.13952857142857142,7.334285714285714,0,0,0,0,0,Normal
2024-01-29,6,Campaign_6,high_performer,Display,East,Desktop,18763,1552,268,1631.41,29654.93,1991.96,0.0827,0.1727,6.09,17.18,0.819,,3593.227142857143,0.08879999999999999,0.14284285714285713,7.75,0,0,0,0,0,Normal
2024-01-30,6,Campaign_6,high_performer,Display,East,Desktop,21221,1687,173,1808.46,10446.21,2431.63,0.0795,0.1025,10.45,4.78,0.7437,,3456.2714285714287,0.08634285714285714,0.1325,7.471428571428571,0,0,0,0,0,Normal
2024-01-31,6,Campaign_6,high_performer,Display,East,Desktop,12808,930,156,1507.0,13483.77,1769.02,0.0726,0.1677,9.66,7.95,0.8519,,3397.035714285714,0.08774285714285714,0.1386,7.107142857142857,0,0,0,0,0,Normal
2024-02-01,6,Campaign_6,high_performer,Display,East,Desktop,29356,3505,357,4919.37,35546.62,6257.49,0.1194,0.1019,13.78,6.23,0.7862,,3114.174285714286,0.09161428571428573,0.1357142857142857,7.6499999999999995,0,0,0,0,0,Normal
2024-02-02,6,Campaign_6,high_performer,Display,East,Desktop,13814,883,150,1077.13,13472.06,1431.76,0.0639,0.1699,7.18,11.51,0.7523,,2898.547142857143,0.09072857142857142,0.1357,8.115714285714285,0,0,0,0,0,Normal
2024-02-03,6,Campaign_6,high_performer,Display,East,Desktop,14415,1247,204,1900.72,20690.57,2252.61,0.0865,0.1636,9.32,9.89,0.8438,,2736.6771428571424,0.08734285714285715,0.14424285714285712,8.70142857142857,0,0,0,0,0,Normal
2024-02-04,6,Campaign_6,high_performer,Display,East,Desktop,23618,2270,256,2346.76,15724.15,3071.29,0.0961,0.1128,9.17,5.7,0.7641,,2170.121428571429,0.08581428571428572,0.1415857142857143,9.034285714285714,0,0,0,0,0,Normal
2024-02-05,6,Campaign_6,high_performer,Display,East,Desktop,14941,1674,291,2041.66,18343.87,2304.17,0.112,0.1738,7.02,7.98,0.8861,,2228.7285714285713,0.09,0.14174285714285714,7.72,0,0,0,0,0,Normal
2024-02-06,6,Campaign_6,high_performer,Display,East,Desktop,29396,3053,536,4828.67,42248.8,5610.76,0.1039,0.1756,9.01,7.75,0.8606,,2660.187142857143,0.0934857142857143,0.15218571428571429,8.144285714285713,1,0,0,0,1,Moderate
2024-02-07,6,Campaign_6,high_performer,Display,East,Desktop,17877,1656,202,2499.63,15410.48,3314.66,0.0926,0.122,12.37,5.17,0.7541,,2801.991428571429,0.09634285714285715,0.14565714285714287,7.747142857142857,0,0,0,0,0,Normal
2024-02-08,6,Campaign_6,high_performer,Display,East,Desktop,25179,2154,358,3458.57,26298.36,4275.07,0.0855,0.1662,9.66,6.6,0.809,,2593.3057142857147,0.0915,0.15484285714285712,7.8,0,0,0,0,0,Normal
2024-02-09,6,Campaign_6,high_performer,Display,East,Desktop,16815,1203,125,1716.03,9654.95,2029.31,0.0715,0.1039,13.73,4.63,0.8456,,2684.577142857143,0.09258571428571429,0.14541428571428572,6.817142857142857,0,0,0,0,0,Normal
2024-02-10,6,Campaign_6,high_performer,Display,East,Desktop,13404,1159,146,1384.51,13402.28,1676.76,0.0865,0.126,9.48,8.68,0.8257,,2610.832857142857,0.09258571428571429,0.14004285714285714,6.644285714285715,0,0,0,0,0,Normal
2024-02-11,6,Campaign_6,high_performer,Display,East,Desktop,25971,2701,344,3262.04,23231.67,3806.7,0.104,0.1274,9.48,6.12,0.8569,,2741.587142857143,0.09371428571428572,0.1421285714285714,6.704285714285715,0,0,0,0,0,Normal
2024-02-12,6,Campaign_6,high_performer,Display,East,Desktop,13810,1406,162,2026.76,12245.53,2678.41,0.1018,0.1152,12.51,5.04,0.7567,,2739.4585714285718,0.09225714285714286,0.13375714285714285,6.284285714285715,0,0,0,0,0,Normal
2024-02-13,6,Campaign_6,high_performer,Display,East,Desktop,26226,2593,440,4124.22,30125.24,5099.17,0.0989,0.1697,9.37,6.3,0.8088,,2638.8228571428567,0.09154285714285715,0.1329142857142857,6.077142857142857,0,0,0,0,0,Normal
2024-02-14,6,Campaign_6,high_performer,Display,East,Desktop,27946,2281,350,2442.14,22705.82,3292.36,0.0816,0.1534,6.98,8.3,0.7418,,2630.61,0.08997142857142858,0.1374,6.524285714285715,0,0,0,0,0,Normal
2024-02-15,6,Campaign_6,high_performer,Display,East,Desktop,13170,923,118,1441.43,10670.14,1815.45,0.0701,0.1278,12.22,6.4,0.794,,2342.447142857143,0.08777142857142858,0.1319142857142857,6.4957142857142856,0,0,0,0,0,Normal
2024-02-16,6,Campaign_6,high_performer,Display,East,Desktop,13161,1127,142,1537.49,15766.89,1826.26,0.0856,0.126,10.83,9.25,0.8419,,2316.941428571429,0.08978571428571429,0.13507142857142856,7.155714285714287,0,0,0,0,0,Normal
2024-02-17,6,Campaign_6,high_performer,Display,East,Desktop,14176,960,103,1347.06,9415.85,1567.16,0.0677,0.1073,13.08,5.99,0.8596,,2311.5914285714284,0.0871,0.13240000000000002,6.771428571428571,0,0,0,0,0,Normal
2024-02-18,6,Campaign_6,high_performer,Display,East,Desktop,19135,1485,173,2324.56,13006.41,3060.03,0.0776,0.1165,13.44,4.6,0.7597,,2177.6657142857143,0.08332857142857143,0.13084285714285715,6.554285714285714,0,0,0,0,0,Normal
2024-02-19,6,Campaign_6,high_performer,Display,East,Desktop,23559,1545,273,1444.7,18866.08,1910.46,0.0656,0.1767,5.29,12.06,0.7562,,2094.514285714286,0.07815714285714286,0.13962857142857144,7.557142857142858,0,0,0,0,0,Normal
2024-02-20,6,Campaign_6,high_performer,Display,East,Desktop,26209,2477,332,2665.06,35230.14,3082.32,0.0945,0.134,8.03,12.22,0.8646,,1886.0628571428572,0.07752857142857142,0.13452857142857141,8.402857142857144,0,0,0,0,0,Normal
2024-02-21,6,Campaign_6,high_performer,Display,East,Desktop,21036,2096,318,2203.06,31490.11,2622.25,0.0996,0.1517,6.93,13.29,0.8401,,1851.9085714285713,0.08009999999999999,0.13428571428571429,9.115714285714287,0,0,0,0,0,Normal
2024-02-22,6,Campaign_6,high_performer,Display,East,Desktop,22401,1590,234,1926.09,15814.47,2333.17,0.071,0.1472,8.23,7.21,0.8255,,1921.1457142857141,0.08022857142857143,0.13705714285714285,9.231428571428571,0,0,0,0,0,Normal
2024-02-23,6,Campaign_6,high_performer,Display,East,Desktop,19206,1879,251,2533.16,17690.19,3148.87,0.0978,0.1336,10.09,5.98,0.8045,,2063.3842857142854,0.08197142857142857,0.13814285714285715,8.764285714285714,0,0,0,0,0,Normal
2024-02-24,6,Campaign_6,high_performer,Display,East,Desktop,19452,2107,310,2035.15,19059.13,2478.74,0.1083,0.1471,6.57,8.36,0.821,,2161.682857142857,0.08777142857142858,0.14382857142857144,9.102857142857143,0,0,0,0,0,Normal
2024-02-25,6,Campaign_6,high_performer,Display,East,Desktop,15981,1726,291,1640.89,32328.84,2211.7,0.108,0.1686,5.64,18.7,0.7419,,2064.0157142857142,0.09211428571428572,0.15127142857142856,11.117142857142856,0,0,0,0,0,Normal
2024-02-26,6,Campaign_6,high_performer,Display,East,Desktop,25667,2472,308,4047.98,29835.7,5040.94,0.0963,0.1246,13.14,6.37,0.803,,2435.912857142857,0.0965,0.14382857142857142,10.304285714285713,0,0,0,0,0,Normal
2024-02-27,6,Campaign_6,high_performer,Display,East,Desktop,21615,1579,241,2263.83,23041.45,2523.51,0.0731,0.1526,9.39,9.18,0.8971,,2378.594285714286,0.09344285714285715,0.1464857142857143,9.870000000000001,0,0,0,0,0,Normal
2024-02-28,6,Campaign_6,high_performer,Display,East,Desktop,19148,2110,232,1954.43,25243.01,2601.47,0.1102,0.11,8.42,11.92,0.7513,,2343.075714285714,0.09495714285714285,0.14052857142857142,9.674285714285714,0,0,0,0,0,Normal
2024-02-29,6,Campaign_6,high_performer,Display,East,Desktop,19940,1320,174,5069.99,18581.33,5685.08,0.0662,0.1318,29.14,2.66,0.8918,Spend Spike,2792.2042857142856,0.09427142857142858,0.13832857142857144,9.024285714285714,1,0,0,0,1,Moderate
2024-03-01,6,Campaign_6,high_performer,Display,East,Desktop,24370,1678,180,2710.43,20459.57,3539.55,0.0689,0.1073,15.06,6.55,0.7658,,2817.5285714285715,0.09014285714285715,0.13457142857142856,9.105714285714287,0,0,0,0,0,Normal
2024-03-02,6,Campaign_6,high_performer,Display,East,Desktop,21726,2019,263,2841.01,21914.1,3295.78,0.0929,0.1303,10.8,6.71,0.862,,2932.6514285714284,0.08794285714285713,0.13217142857142858,8.870000000000001,0,0,0,0,0,Normal
2024-03-03,6,Campaign_6,high_performer,Display,East,Desktop,26166,1697,131,3015.22,11041.14,3445.68,0.0649,0.0772,23.02,2.66,0.8751,Conversion Drop,3128.9842857142858,0.08178571428571428,0.11911428571428571,6.578571428571428,0,0,1,0,1,Moderate
2024-03-04,6,Campaign_6,high_performer,Display,East,Desktop,27470,2172,302,3604.56,28852.5,4591.0,0.0791,0.139,11.94,7.0,0.7851,,3065.6385714285716,0.07932857142857143,0.12117142857142858,6.668571428571428,0,0,0,0,0,Normal
2024-03-05,6,Campaign_6,high_performer,Display,East,Desktop,17594,1181,172,1248.01,18618.27,1505.7,0.0671,0.1456,7.26,13.92,0.8289,,2920.5214285714283,0.07847142857142857,0.12017142857142858,7.345714285714286,0,0,0,0,0,Normal
2024-03-06,6,Campaign_6,high_performer,Display,East,Desktop,20844,2093,337,2318.06,30169.34,3011.45,0.1004,0.161,6.88,12.01,0.7697,,2972.468571428572,0.07707142857142857,0.12745714285714288,7.3585714285714285,0,0,0,0,0,Normal
2024-03-07,6,Campaign_6,high_performer,Display,East,Desktop,23463,2764,65,3533.75,6183.7,4365.4,0.1178,0.0235,54.37,0.75,0.8095,Conversion Drop,2753.0057142857145,0.08444285714285715,0.11198571428571429,7.085714285714286,0,0,1,0,1,Moderate
2024-03-08,6,Campaign_6,high_performer,Display,East,Desktop,16875,1492,157,1265.35,12205.16,1686.88,0.0884,0.1052,8.06,8.65,0.7501,,2546.565714285714,0.08722857142857142,0.11168571428571429,7.385714285714285,0,0,0,0,0,Normal
2024-03-09,6,Campaign_6,high_performer,Display,East,Desktop,12941,1241,188,1183.81,22300.92,1463.42,0.0959,0.1515,6.3,17.84,0.8089,,2309.8228571428567,0.08765714285714285,0.11471428571428573,8.975714285714286,0,0,0,0,0,Normal
2024-03-10,6,Campaign_6,high_performer,Display,East,Desktop,12262,1207,165,1194.85,16847.21,1480.56,0.0984,0.1367,7.24,13.1,0.807,,2049.77,0.09244285714285715,0.12321428571428572,10.467142857142857,0,0,0,0,0,Normal
2024-03-11,6,Campaign_6,high_performer,Display,East,Desktop,12599,1454,258,2374.68,20170.71,3185.96,0.1154,0.1774,9.2,7.49,0.7454,,1874.0728571428572,0.09762857142857144,0.1287,10.537142857142857,0,0,0,0,0,Normal
2024-03-12,6,Campaign_6,high_performer,Display,East,Desktop,26342,2298,305,3986.41,22891.09,4958.55,0.0872,0.1327,13.07,4.74,0.8039,,2265.272857142857,0.1005,0.12685714285714286,9.225714285714286,0,0,0,0,0,Normal
2024-03-13,6,Campaign_6,high_performer,Display,East,Desktop,16633,1812,248,1588.62,17350.86,1771.75,0.1089,0.1369,6.41,9.92,0.8966,,2161.0671428571427,0.10171428571428572,0.12341428571428571,8.927142857142858,0,0,0,0,0,Normal
2024-03-14,6,Campaign_6,high_performer,Display,East,Desktop,14547,1222,133,2056.96,11290.31,2461.81,0.084,0.1088,15.47,4.49,0.8355,,1950.0971428571427,0.09688571428571427,0.1356,9.461428571428572,0,0,0,0,0,Normal
2024-03-15,6,Campaign_6,high_performer,Display,East,Desktop,20435,1712,233,2080.01,24192.28,2358.4,0.0838,0.1361,8.93,10.63,0.882,,2066.477142857143,0.09622857142857144,0.1400142857142857,9.744285714285715,0,0,0,0,0,Normal
2024-03-16,6,Campaign_6,high_performer,Display,East,Desktop,29848,2868,420,3445.79,33719.73,3899.62,0.0961,0.1464,8.2,8.79,0.8836,,2389.617142857143,0.09625714285714286,0.1392857142857143,8.45142857142857,0,0,0,0,0,Normal
2024-03-17,6,Campaign_6,high_performer,Display,East,Desktop,29027,2105,220,2846.73,21057.03,3751.93,0.0725,0.1045,12.94,6.4,0.7587,,2625.6,0.09255714285714287,0.13468571428571427,7.494285714285715,0,0,0,0,0,Normal
2024-03-18,6,Campaign_6,high_performer,Display,East,Desktop,24242,1884,268,2785.29,25611.76,3414.08,0.0777,0.1423,10.39,8.2,0.8158,,2684.2585714285715,0.08717142857142857,0.12967142857142858,7.595714285714285,0,0,0,0,0,Normal
2024-03-19,6,Campaign_6,high_performer,Display,East,Desktop,23618,1631,219,2276.35,14199.29,3038.68,0.0691,0.1343,10.39,5.24,0.7491,,2439.964285714286,0.08458571428571429,0.1299,7.667142857142857,0,0,0,0,0,Normal
2024-03-20,6,Campaign_6,high_performer,Display,East,Desktop,15715,1132,141,1801.48,16207.57,2143.67,0.072,0.1246,12.78,8.0,0.8404,,2470.3728571428574,0.07931428571428571,0.12814285714285714,7.392857142857143,0,0,0,0,0,Normal
2024-03-21,6,Campaign_6,high_performer,Display,East,Desktop,18396,647,158,1145.8,11159.42,2814.24,0.0352,0.2442,7.25,8.74,0.4071,CTR Drop,2340.207142857143,0.07234285714285714,0.14748571428571428,8.0,0,1,0,0,1,Moderate
2024-03-22,6,Campaign_6,high_performer,Display,East,Desktop,17476,1059,181,1005.14,19395.15,1260.93,0.0606,0.1709,5.55,18.3,0.7971,,2186.654285714286,0.06902857142857143,0.15245714285714287,9.095714285714285,0,0,0,0,0,Normal
2024-03-23,6,Campaign_6,high_performer,Display,East,Desktop,21974,1617,235,1862.04,22706.32,2059.47,0.0736,0.1453,7.92,11.19,0.9041,,1960.404285714286,0.06581428571428571,0.15230000000000002,9.438571428571427,0,0,0,0,0,Normal
2024-03-24,6,Campaign_6,high_performer,Display,East,Desktop,28081,2330,273,2895.21,17172.18,3778.6,0.083,0.1172,10.61,4.93,0.7662,,1967.33,0.06731428571428572,0.1541142857142857,9.228571428571428,0,0,0,0,0,Normal
2024-03-25,6,Campaign_6,high_performer,Display,East,Desktop,18748,1201,141,4267.17,12403.34,5219.85,0.0641,0.1174,30.26,1.91,0.8175,Spend Spike,2179.0271428571427,0.06537142857142857,0.15055714285714286,8.33,1,0,0,0,1,Moderate
2024-03-26,6,Campaign_6,high_performer,Display,East,Desktop,17798,996,166,1419.95,15653.21,2800.84,0.056,0.1667,8.55,10.02,0.507,CTR Drop,2056.684285714286,0.0635,0.1551857142857143,9.012857142857142,0,0,0,0,0,Normal
2024-03-27,6,Campaign_6,high_performer,Display,East,Desktop,29737,2753,357,3923.93,21684.35,4456.57,0.0926,0.1297,10.99,4.53,0.8805,,2359.8914285714286,0.06644285714285715,0.15591428571428573,8.517142857142856,0,0,0,0,0,Normal
2024-03-28,6,Campaign_6,high_performer,Display,East,Desktop,20226,1275,168,1672.43,14951.61,1999.72,0.063,0.1318,9.95,7.94,0.8363,,2435.1242857142856,0.07041428571428572,0.13985714285714287,8.402857142857142,0,0,0,0,0,Normal
2024-03-29,6,Campaign_6,high_performer,Display,East,Desktop,21906,1395,147,1916.54,13812.28,2528.89,0.0637,0.1054,13.04,6.21,0.7579,,2565.324285714286,0.07085714285714285,0.1305,6.675714285714285,0,0,0,0,0,Normal
2024-03-30,6,Campaign_6,high_performer,Display,East,Desktop,29400,3382,548,5486.75,62562.87,6755.42,0.115,0.162,10.01,10.4,0.8122,,3083.14,0.07677142857142857,0.1328857142857143,6.562857142857142,0,0,0,0,0,Normal
2024-01-01,7,Campaign_7,high_performer,Video,South,Mobile,7305,512,56,472.72,5102.37,589.91,0.0701,0.1094,8.44,9.79,0.8013,,,,,,0,0,0,0,0,Normal
2024-01-02,7,Campaign_7,high_performer,Video,South,Mobile,16642,1045,182,931.24,14042.03,1180.9,0.0628,0.1742,5.12,14.08,0.7886,,,,,,0,0,0,0,0,Normal
2024-01-03,7,Campaign_7,high_performer,Video,South,Mobile,8079,683,95,830.15,5836.83,982.77,0.0845,0.1391,8.74,6.03,0.8447,,744.7033333333334,0.07246666666666667,0.1409,9.966666666666667,0,0,0,0,0,Normal
2024-01-04,7,Campaign_7,high_performer,Video,South,Mobile,15514,1831,263,3228.34,17590.81,3946.98,0.118,0.1436,12.28,4.45,0.8179,,1365.6125000000002,0.08385,0.141575,8.5875,1,0,0,0,1,Moderate
2024-01-05,7,Campaign_7,high_performer,Video,South,Mobile,16041,1730,75,2330.19,6637.9,3100.57,0.1078,0.0434,31.07,1.85,0.7515,Conversion Drop,1558.528,0.08864,0.12194,7.24,0,0,1,0,1,Moderate
2024-01-06,7,Campaign_7,high_performer,Video,South,Mobile,10786,1193,150,1774.34,17654.54,2275.7,0.1106,0.1257,11.83,8.95,0.7797,,1594.4966666666667,0.0923,0.12256666666666667,7.5249999999999995,0,0,0,0,0,Normal
2024-01-07,7,Campaign_7,high_performer,Video,South,Mobile,14082,1671,191,2672.19,15289.85,3427.67,0.1187,0.1143,13.99,4.72,0.7796,,1748.452857142857,0.09607142857142857,0.12138571428571429,7.124285714285714,0,0,0,0,0,Normal
2024-01-08,7,Campaign_7,high_performer,Video,South,Mobile,9962,909,95,891.93,11156.02,1179.61,0.0912,0.1045,9.39,11.51,0.7561,,1808.3400000000001,0.0990857142857143,0.12068571428571429,7.37,0,0,0,0,0,Normal
2024-01-09,7,Campaign_7,high_performer,Video,South,Mobile,19581,1648,233,2960.68,15870.34,3756.7,0.0842,0.1414,12.71,4.36,0.7881,,2098.2599999999998,0.10214285714285713,0.116,5.981428571428572,0,0,0,0,0,Normal
2024-01-10,7,Campaign_7,high_performer,Video,South,Mobile,16654,1947,331,3323.61,39551.84,3934.64,0.1169,0.17,10.04,10.9,0.8447,,2454.468571428571,0.10677142857142856,0.12041428571428571,6.677142857142857,0,0,0,0,0,Normal
2024-01-11,7,Campaign_7,high_performer,Video,South,Mobile,12014,1145,200,1316.58,14925.62,1664.13,0.0953,0.1747,6.58,10.34,0.7912,,2181.3599999999997,0.10352857142857143,0.12485714285714286,7.518571428571428,0,0,0,0,0,Normal
2024-01-12,7,Campaign_7,high_performer,Video,South,Mobile,9987,725,115,598.27,9348.34,774.79,0.0726,0.1586,5.2,14.63,0.7722,,1933.9428571428568,0.0985,0.1413142857142857,9.344285714285714,0,0,0,0,0,Normal
2024-01-13,7,Campaign_7,high_performer,Video,South,Mobile,19936,2086,277,2077.15,25148.97,2352.63,0.1046,0.1328,7.5,11.11,0.8829,,1977.2014285714286,0.09764285714285714,0.14232857142857142,9.652857142857144,0,0,0,0,0,Normal
2024-01-14,7,Campaign_7,high_performer,Video,South,Mobile,19021,1619,239,2126.89,18472.57,2354.73,0.0851,0.1476,8.9,7.69,0.9032,,1899.3014285714287,0.09284285714285714,0.1470857142857143,10.077142857142858,0,0,0,0,0,Normal
2024-01-15,7,Campaign_7,high_performer,Video,South,Mobile,9597,628,16,568.14,1083.45,706.46,0.0654,0.0255,35.51,0.91,0.8042,Conversion Drop,1853.0457142857142,0.08915714285714285,0.1358,8.562857142857142,0,0,1,0,1,Moderate
2024-01-16,7,Campaign_7,high_performer,Video,South,Mobile,17099,1443,204,2448.16,14642.64,2853.14,0.0844,0.1414,12.0,4.98,0.8581,,1779.8285714285714,0.08918571428571428,0.1358,8.651428571428571,0,0,0,0,0,Normal
2024-01-17,7,Campaign_7,high_performer,Video,South,Mobile,19632,1550,232,2493.01,22434.12,2926.64,0.079,0.1497,10.75,8.0,0.8518,,1661.1714285714286,0.08377142857142858,0.1329,8.237142857142858,0,0,0,0,0,Normal
2024-01-18,7,Campaign_7,high_performer,Video,South,Mobile,11576,881,102,922.28,7995.26,1142.51,0.0761,0.1158,9.04,7.67,0.8072,,1604.8428571428572,0.08102857142857144,0.12448571428571428,7.855714285714286,0,0,0,0,0,Normal
2024-01-19,7,Campaign_7,high_performer,Video,South,Mobile,14016,909,97,883.39,8835.21,1018.99,0.0649,0.1067,9.11,9.0,0.8669,,1645.5742857142857,0.07992857142857143,0.11707142857142858,7.051428571428572,0,0,0,0,0,Normal
2024-01-20,7,Campaign_7,high_performer,Video,South,Mobile,7478,454,68,1302.92,7338.52,1598.99,0.0607,0.1498,19.16,4.63,0.8148,Spend Spike,1534.97,0.07365714285714285,0.11950000000000001,6.125714285714286,0,0,0,0,0,Normal
2024-01-21,7,Campaign_7,high_performer,Video,South,Mobile,10332,969,148,1433.22,17153.85,1933.75,0.0938,0.1527,9.68,10.97,0.7412,,1435.8742857142859,0.0749,0.12022857142857143,6.594285714285713,0,0,0,0,0,Normal
2024-01-22,7,Campaign_7,high_performer,Video,South,Mobile,7066,444,52,753.64,3919.32,920.81,0.0628,0.1171,14.49,4.2,0.8185,,1462.3742857142856,0.07452857142857143,0.1333142857142857,7.064285714285715,0,0,0,0,0,Normal
2024-01-23,7,Campaign_7,high_performer,Video,South,Mobile,11471,974,125,1667.22,7802.17,2061.25,0.0849,0.1283,13.34,3.68,0.8088,,1350.8114285714287,0.0746,0.13144285714285714,6.878571428571428,0,0,0,0,0,Normal
2024-01-24,7,Campaign_7,high_performer,Video,South,Mobile,16830,1995,302,3460.42,23617.35,4482.88,0.1185,0.1514,11.46,5.82,0.7719,,1489.0128571428572,0.08024285714285714,0.1316857142857143,6.567142857142857,1,0,0,0,1,Moderate
2024-01-25,7,Campaign_7,high_performer,Video,South,Mobile,14601,1163,121,1142.6,14267.42,1379.17,0.0797,0.104,9.44,11.49,0.8285,,1520.4871428571428,0.08075714285714285,0.13,7.112857142857144,0,0,0,0,0,Normal
2024-01-26,7,Campaign_7,high_performer,Video,South,Mobile,18970,1493,200,2157.71,20942.58,2498.75,0.0787,0.134,10.79,8.71,0.8635,,1702.532857142857,0.08272857142857142,0.1339,7.071428571428572,0,0,0,0,0,Normal
2024-01-27,7,Campaign_7,high_performer,Video,South,Mobile,8390,967,159,1571.58,17124.85,1855.93,0.1153,0.1644,9.88,9.9,0.8468,,1740.912857142857,0.09052857142857143,0.1359857142857143,7.824285714285715,0,0,0,0,0,Normal
2024-01-28,7,Campaign_7,high_performer,Video,South,Mobile,12586,1477,192,1682.66,12239.21,2055.44,0.1174,0.13,8.76,6.27,0.8186,,1776.547142857143,0.0939,0.13274285714285713,7.152857142857143,0,0,0,0,0,Normal
2024-01-29,7,Campaign_7,high_performer,Video,South,Mobile,16947,1626,225,2188.47,26003.77,2884.03,0.0959,0.1384,9.73,10.88,0.7588,,1981.5228571428572,0.09862857142857143,0.1357857142857143,8.107142857142858,0,0,0,0,0,Normal
2024-01-30,7,Campaign_7,high_performer,Video,South,Mobile,19805,2008,352,2976.94,28123.75,3647.18,0.1014,0.1753,8.46,8.45,0.8162,,2168.6257142857144,0.10098571428571428,0.14250000000000002,8.788571428571428,0,0,0,0,0,Normal
2024-01-31,7,Campaign_7,high_performer,Video,South,Mobile,14037,1105,181,1835.87,12351.08,2456.57,0.0787,0.1638,10.14,5.73,0.7473,,1936.547142857143,0.09530000000000001,0.14427142857142858,8.775714285714287,0,0,0,0,0,Normal
2024-02-01,7,Campaign_7,high_performer,Video,South,Mobile,14389,1677,284,1826.99,30385.99,2376.57,0.1165,0.1694,6.43,15.63,0.7688,,2034.3171428571427,0.10055714285714287,0.1536142857142857,9.367142857142857,0,0,0,0,0,Normal
2024-02-02,7,Campaign_7,high_performer,Video,South,Mobile,8335,823,123,1183.76,9646.73,1556.55,0.0987,0.1495,9.62,7.15,0.7605,,1895.1814285714286,0.10341428571428572,0.15582857142857143,9.144285714285715,0,0,0,0,0,Normal
2024-02-03,7,Campaign_7,high_performer,Video,South,Mobile,16158,1341,152,2194.47,14126.06,2528.52,0.083,0.1133,14.44,5.44,0.8679,,1984.1657142857143,0.0988,0.14852857142857143,8.507142857142858,0,0,0,0,0,Normal
2024-02-04,7,Campaign_7,high_performer,Video,South,Mobile,7382,654,106,1164.93,12290.63,1553.4,0.0886,0.1621,10.99,9.55,0.7499,,1910.2042857142858,0.09468571428571429,0.15311428571428573,8.975714285714286,0,0,0,0,0,Normal
2024-02-05,7,Campaign_7,high_performer,Video,South,Mobile,8391,854,110,1434.1,11387.45,1760.04,0.1018,0.1288,13.04,6.94,0.8148,,1802.4371428571428,0.09552857142857143,0.15174285714285715,8.412857142857144,0,0,0,0,0,Normal
2024-02-06,7,Campaign_7,high_performer,Video,South,Mobile,12454,800,102,1330.0,7546.41,1694.15,0.0642,0.1275,13.04,4.67,0.7851,,1567.16,0.0902142857142857,0.14491428571428572,7.872857142857144,0,0,0,0,0,Normal
2024-02-07,7,Campaign_7,high_performer,Video,South,Mobile,15033,1601,210,1503.75,12735.01,1858.73,0.1065,0.1312,7.16,7.47,0.809,,1519.7142857142858,0.09418571428571429,0.14025714285714286,8.121428571428572,0,0,0,0,0,Normal
2024-02-08,7,Campaign_7,high_performer,Video,South,Mobile,17573,1417,200,1758.02,22558.98,2156.0,0.0806,0.1411,8.79,11.83,0.8154,,1509.8614285714284,0.08905714285714285,0.1362142857142857,7.578571428571429,0,0,0,0,0,Normal
2024-02-09,7,Campaign_7,high_performer,Video,South,Mobile,11487,962,132,1203.72,14803.86,1483.6,0.0837,0.1372,9.12,11.3,0.8114,,1512.712857142857,0.08691428571428571,0.13445714285714286,8.171428571428573,0,0,0,0,0,Normal
2024-02-10,7,Campaign_7,high_performer,Video,South,Mobile,8045,577,95,835.93,8088.13,1015.24,0.0717,0.1646,8.8,8.68,0.8234,,1318.6357142857144,0.0853,0.1417857142857143,8.634285714285713,0,0,0,0,0,Normal
2024-02-11,7,Campaign_7,high_performer,Video,South,Mobile,7596,756,120,1828.95,13288.71,2129.18,0.0995,0.1587,15.24,6.27,0.859,Spend Spike,1413.4957142857143,0.08685714285714285,0.1413,8.165714285714285,0,0,0,0,0,Normal
2024-02-12,7,Campaign_7,high_performer,Video,South,Mobile,16928,1440,169,1152.33,19418.12,1510.67,0.0851,0.1174,6.82,15.85,0.7628,,1373.242857142857,0.08447142857142856,0.13967142857142859,9.438571428571427,0,0,0,0,0,Normal
2024-02-13,7,Campaign_7,high_performer,Video,South,Mobile,16637,1729,294,2632.89,21729.68,3360.6,0.1039,0.17,8.96,7.25,0.7835,,1559.3700000000001,0.09014285714285715,0.14574285714285715,9.807142857142855,0,0,0,0,0,Normal
2024-02-14,7,Campaign_7,high_performer,Video,South,Mobile,14450,1191,178,1808.79,11861.25,2005.76,0.0824,0.1495,10.16,5.56,0.9018,,1602.9471428571428,0.0867,0.14835714285714285,9.534285714285714,0,0,0,0,0,Normal
2024-02-15,7,Campaign_7,high_performer,Video,South,Mobile,12718,1335,162,1901.93,10508.92,2307.14,0.105,0.1213,11.74,4.53,0.8244,,1623.5057142857145,0.09018571428571429,0.14552857142857145,8.491428571428571,0,0,0,0,0,Normal
2024-02-16,7,Campaign_7,high_performer,Video,South,Mobile,11284,1021,172,1701.02,10422.28,2201.99,0.0905,0.1685,9.89,5.13,0.7725,,1694.5485714285714,0.09115714285714285,0.15,7.61,0,0,0,0,0,Normal
2024-02-17,7,Campaign_7,high_performer,Video,South,Mobile,13391,1061,153,1145.29,16363.35,1513.64,0.0792,0.1442,7.49,13.29,0.7566,,1738.742857142857,0.09222857142857144,0.1470857142857143,8.268571428571429,0,0,0,0,0,Normal
2024-02-18,7,Campaign_7,high_performer,Video,South,Mobile,8820,903,115,728.7,9684.02,844.34,0.1024,0.1274,6.34,12.29,0.863,,1581.564285714286,0.09264285714285714,0.14261428571428572,9.128571428571428,0,0,0,0,0,Normal
2024-02-19,7,Campaign_7,high_performer,Video,South,Mobile,13103,840,150,1471.17,10233.19,1816.01,0.0641,0.1786,9.81,5.96,0.8101,,1627.1128571428574,0.08964285714285715,0.15135714285714288,7.715714285714285,0,0,0,0,0,Normal
2024-02-20,7,Campaign_7,high_performer,Video,South,Mobile,10768,834,111,981.51,12493.53,1301.8,0.0775,0.1331,8.84,11.73,0.754,,1391.2014285714288,0.08587142857142858,0.14608571428571432,8.355714285714285,0,0,0,0,0,Normal
2024-02-21,7,Campaign_7,high_performer,Video,South,Mobile,9657,1066,135,1608.49,16149.65,1960.53,0.1104,0.1266,11.91,9.04,0.8204,,1362.587142857143,0.08987142857142857,0.14281428571428573,8.852857142857143,0,0,0,0,0,Normal
2024-02-22,7,Campaign_7,high_performer,Video,South,Mobile,14607,983,148,908.14,9506.36,1205.43,0.0673,0.1506,6.14,9.47,0.7534,,1220.6171428571429,0.08448571428571429,0.14700000000000002,9.558571428571428,0,0,0,0,0,Normal
2024-02-23,7,Campaign_7,high_performer,Video,South,Mobile,18740,1257,142,1604.59,14806.74,1839.78,0.0671,0.113,11.3,8.23,0.8722,,1206.8414285714284,0.08114285714285716,0.13907142857142857,10.001428571428573,0,0,0,0,0,Normal
2024-02-24,7,Campaign_7,high_performer,Video,South,Mobile,13681,1240,200,2151.15,22910.43,2807.05,0.0906,0.1613,10.76,9.65,0.7663,,1350.5357142857142,0.08277142857142858,0.1415142857142857,9.481428571428571,0,0,0,0,0,Normal
2024-02-25,7,Campaign_7,high_performer,Video,South,Mobile,10398,938,159,1643.86,16738.28,1991.31,0.0902,0.1695,10.34,9.18,0.8255,,1481.2728571428572,0.08102857142857144,0.14752857142857143,9.037142857142857,0,0,0,0,0,Normal
2024-02-26,7,Campaign_7,high_performer,Video,South,Mobile,17673,1389,194,2217.46,20247.42,2797.07,0.0786,0.1397,11.43,8.13,0.7928,,1587.8857142857144,0.08310000000000002,0.14197142857142858,9.347142857142858,0,0,0,0,0,Normal
2024-02-27,7,Campaign_7,high_performer,Video,South,Mobile,16413,1765,207,1740.22,24229.17,2164.7,0.1075,0.1173,8.41,12.92,0.8039,,1696.2728571428572,0.08738571428571429,0.13971428571428574,9.517142857142858,0,0,0,0,0,Normal
2024-02-28,7,Campaign_7,high_performer,Video,South,Mobile,14264,892,101,1063.46,11803.54,1207.35,0.0625,0.1132,10.53,10.1,0.8808,,1618.4114285714284,0.08054285714285714,0.1378,9.668571428571429,0,0,0,0,0,Normal
2024-02-29,7,Campaign_7,high_performer,Video,South,Mobile,19886,1933,267,2470.68,28322.88,3105.99,0.0972,0.1381,9.25,10.46,0.7955,,1841.6314285714286,0.08481428571428572,0.13601428571428573,9.81,0,0,0,0,0,Normal
2024-03-01,7,Campaign_7,high_performer,Video,South,Mobile,9728,1119,191,1595.06,20722.75,1782.1,0.115,0.1707,8.35,11.99,0.895,,1840.27,0.09165714285714285,0.14425714285714286,10.347142857142858,0,0,0,0,0,Normal
2024-03-02,7,Campaign_7,high_performer,Video,South,Mobile,16951,1959,292,3183.0,29587.96,3940.5,0.1156,0.1491,10.9,8.3,0.8078,,1987.6771428571428,0.09522857142857143,0.14251428571428573,10.154285714285715,0,0,0,0,0,Normal
2024-03-03,7,Campaign_7,high_performer,Video,South,Mobile,11078,864,130,1210.42,13229.42,1441.16,0.078,0.1505,9.31,9.93,0.8399,,1925.7571428571428,0.09348571428571428,0.13979999999999998,10.261428571428572,0,0,0,0,0,Normal
2024-03-04,7,Campaign_7,high_performer,Video,South,Mobile,10565,932,128,1098.11,11652.81,1321.33,0.0882,0.1373,8.58,9.61,0.8311,,1765.8500000000001,0.09485714285714286,0.13945714285714286,10.472857142857142,0,0,0,0,0,Normal
2024-03-05,7,Campaign_7,high_performer,Video,South,Mobile,17686,1672,281,2550.28,22936.24,2956.02,0.0945,0.1681,9.08,7.99,0.8627,,1881.572857142857,0.093,0.1467142857142857,9.768571428571429,0,0,0,0,0,Normal
2024-03-06,7,Campaign_7,high_performer,Video,South,Mobile,19653,1530,163,2617.56,9839.14,3195.95,0.0779,0.1065,16.06,2.76,0.819,,2103.587142857143,0.09519999999999999,0.14575714285714286,8.72,0,0,0,0,0,Normal
2024-03-07,7,Campaign_7,high_performer,Video,South,Mobile,11212,1056,154,1599.52,11459.63,1936.93,0.0942,0.1458,10.39,6.16,0.8258,,1979.1357142857144,0.09477142857142858,0.14685714285714285,8.105714285714285,0,0,0,0,0,Normal
2024-03-08,7,Campaign_7,high_performer,Video,South,Mobile,7912,567,64,973.25,5098.9,1161.11,0.0717,0.1129,15.21,4.24,0.8382,,1890.3057142857142,0.08858571428571428,0.1386,6.998571428571429,0,0,0,0,0,Normal
2024-03-09,7,Campaign_7,high_performer,Video,South,Mobile,14505,1307,191,1802.31,12084.71,2124.04,0.0901,0.1461,9.44,5.71,0.8485,,1693.064285714286,0.08494285714285714,0.13817142857142858,6.628571428571428,0,0,0,0,0,Normal
2024-03-10,7,Campaign_7,high_performer,Video,South,Mobile,17486,1829,317,2238.28,25527.36,3000.16,0.1046,0.1733,7.06,10.4,0.7461,,1839.9014285714288,0.08874285714285714,0.14142857142857143,6.695714285714287,0,0,0,0,0,Normal
2024-03-11,7,Campaign_7,high_performer,Video,South,Mobile,18049,1682,208,2070.3,16376.15,2652.63,0.0932,0.1237,9.95,6.91,0.7805,,1978.7857142857142,0.08945714285714286,0.1394857142857143,6.3100000000000005,0,0,0,0,0,Normal
2024-03-12,7,Campaign_7,high_performer,Video,South,Mobile,10783,1160,203,1650.92,21213.02,2148.3,0.1076,0.175,8.13,11.85,0.7685,,1850.3057142857144,0.09132857142857144,0.14047142857142855,6.861428571428571,0,0,0,0,0,Normal
2024-03-13,7,Campaign_7,high_performer,Video,South,Mobile,13704,838,87,995.1,8265.46,1210.09,0.0612,0.1038,11.44,7.31,0.8223,,1618.5257142857142,0.08894285714285713,0.14008571428571429,7.511428571428572,0,1,0,0,1,Moderate
2024-03-14,7,Campaign_7,high_performer,Video,South,Mobile,18334,1924,276,1931.82,21394.05,2486.55,0.1049,0.1435,7.0,10.07,0.7769,,1665.9971428571428,0.09047142857142856,0.13975714285714286,8.070000000000002,0,0,0,0,0,Normal
2024-03-15,7,Campaign_7,high_performer,Video,South,Mobile,12555,1153,151,1629.36,16358.76,1914.36,0.0918,0.131,10.79,9.04,0.8511,,1759.7271428571428,0.09334285714285716,0.14234285714285713,8.755714285714287,0,0,0,0,0,Normal
2024-03-16,7,Campaign_7,high_performer,Video,South,Mobile,10661,554,72,511.59,5209.83,812.81,0.052,0.13,7.11,9.18,0.6294,CTR Drop,1575.3385714285716,0.08789999999999999,0.14004285714285714,9.251428571428573,0,1,0,0,1,Moderate
2024-03-17,7,Campaign_7,high_performer,Video,South,Mobile,13447,1251,140,1911.67,13442.11,2452.31,0.093,0.1119,13.65,6.03,0.7795,,1528.6799999999998,0.08624285714285713,0.13127142857142857,8.627142857142855,0,0,0,0,0,Normal
2024-03-18,7,Campaign_7,high_performer,Video,South,Mobile,9831,772,135,1015.7,12127.76,1237.55,0.0785,0.1749,7.52,10.94,0.8207,,1378.0228571428572,0.08414285714285714,0.13858571428571428,9.202857142857143,0,0,0,0,0,Normal
2024-03-19,7,Campaign_7,high_performer,Video,South,Mobile,12365,1185,155,1509.02,17247.29,1788.19,0.0958,0.1308,9.74,10.43,0.8439,,1357.7514285714285,0.08245714285714285,0.13227142857142857,9.0,0,0,0,0,0,Normal
2024-03-20,7,Campaign_7,high_performer,Video,South,Mobile,7815,635,98,682.07,10746.73,876.44,0.0813,0.1543,6.96,14.76,0.7782,,1313.032857142857,0.08532857142857143,0.1394857142857143,10.064285714285715,0,0,0,0,0,Normal
2024-03-21,7,Campaign_7,high_performer,Video,South,Mobile,16602,1191,139,1002.22,11026.04,1242.69,0.0717,0.1167,7.21,10.0,0.8065,,1180.232857142857,0.08058571428571429,0.13565714285714287,10.054285714285713,0,0,0,0,0,Normal
2024-03-22,7,Campaign_7,high_performer,Video,South,Mobile,15738,1233,149,1844.81,10664.26,2240.21,0.0783,0.1208,12.38,4.78,0.8235,,1211.0114285714285,0.07865714285714286,0.13419999999999999,9.445714285714287,0,0,0,0,0,Normal
2024-03-23,7,Campaign_7,high_performer,Video,South,Mobile,8936,601,74,800.82,6946.01,1001.14,0.0673,0.1231,10.82,7.67,0.7999,,1252.33,0.08084285714285715,0.1332142857142857,9.23,0,0,0,0,0,Normal
2024-03-24,7,Campaign_7,high_performer,Video,South,Mobile,19501,2221,325,2052.44,21867.59,2627.7,0.1139,0.1463,6.32,9.65,0.7811,,1272.44,0.08382857142857143,0.13812857142857143,9.747142857142858,0,0,0,0,0,Normal
2024-03-25,7,Campaign_7,high_performer,Video,South,Mobile,18530,1804,267,2326.77,24489.08,2753.99,0.0974,0.148,8.71,9.52,0.8449,,1459.7357142857145,0.08652857142857143,0.13428571428571429,9.544285714285715,0,0,0,0,0,Normal
2024-03-26,7,Campaign_7,high_performer,Video,South,Mobile,17451,1316,213,1560.19,19255.44,2050.09,0.0754,0.1619,7.32,11.34,0.761,,1467.0457142857142,0.08361428571428571,0.13872857142857142,9.674285714285714,0,0,0,0,0,Normal
2024-03-27,7,Campaign_7,high_performer,Video,South,Mobile,9283,750,130,1291.98,11718.5,1527.08,0.0808,0.1733,9.94,8.07,0.846,,1554.1757142857143,0.08354285714285714,0.14144285714285715,8.718571428571428,0,0,0,0,0,Normal
2024-03-28,7,Campaign_7,high_performer,Video,South,Mobile,19373,1553,269,1261.04,25062.43,1620.65,0.0802,0.1732,4.69,18.87,0.7781,,1591.15,0.08475714285714285,0.1495142857142857,9.985714285714286,0,0,0,0,0,Normal
2024-03-29,7,Campaign_7,high_performer,Video,South,Mobile,15084,1373,47,1423.27,4183.46,1732.82,0.091,0.0342,30.28,1.94,0.8214,Conversion Drop,1530.93,0.08657142857142856,0.13714285714285715,9.58,0,0,1,0,1,Moderate
2024-03-30,7,Campaign_7,high_performer,Video,South,Mobile,12935,864,104,1406.57,8598.68,1892.25,0.0668,0.1204,13.52,5.11,0.7433,,1617.4657142857143,0.0865,0.13675714285714285,9.214285714285714,0,0,0,0,0,Normal
2024-01-01,8,Campaign_8,high_spend_low_return,Search,West,Desktop,13918,236,10,763.41,341.84,1723.5,0.017,0.0424,76.34,-0.55,0.4429,CTR Drop,,,,,0,0,0,1,1,Moderate
2024-01-02,8,Campaign_8,high_spend_low_return,Search,West,Desktop,15933,679,15,1645.6,427.23,2125.54,0.0426,0.0221,109.71,-0.74,0.7742,,,,,,0,0,0,1,1,Moderate
2024-01-03,8,Campaign_8,high_spend_low_return,Search,West,Desktop,11235,569,16,1524.5,874.98,1938.09,0.0506,0.0281,95.28,-0.43,0.7866,,1311.1699999999998,0.03673333333333333,0.030866666666666667,-0.5733333333333334,0,0,0,1,1,Moderate
2024-01-04,8,Campaign_8,high_spend_low_return,Search,West,Desktop,11381,418,9,1050.24,260.69,1200.4,0.0367,0.0215,116.69,-0.75,0.8749,,1245.9375,0.036725,0.028525000000000002,-0.6174999999999999,0,0,0,1,1,Moderate
2024-01-05,8,Campaign_8,high_spend_low_return,Search,West,Desktop,17554,767,34,5830.71,1462.54,6561.86,0.0437,0.0443,171.49,-0.75,0.8886,Spend Spike,2162.892,0.03812,0.03168,-0.6439999999999999,1,0,0,1,2,Moderate
2024-01-06,8,Campaign_8,high_spend_low_return,Search,West,Desktop,13092,599,27,1430.39,708.28,1840.26,0.0458,0.0451,52.98,-0.5,0.7773,,2040.8083333333334,0.0394,0.03391666666666667,-0.62,0,0,0,1,1,Moderate
2024-01-07,8,Campaign_8,high_spend_low_return,Search,West,Desktop,17612,985,46,2817.06,1361.37,3469.96,0.0559,0.0467,61.24,-0.52,0.8118,,2151.7014285714286,0.04175714285714286,0.03574285714285714,-0.6057142857142858,0,0,0,1,1,Moderate
2024-01-08,8,Campaign_8,high_spend_low_return,Search,West,Desktop,13159,606,17,1735.17,517.14,2070.49,0.0461,0.0281,102.07,-0.7,0.838,,2290.5242857142857,0.04591428571428572,0.0337,-0.6271428571428572,0,0,0,1,1,Moderate
2024-01-09,8,Campaign_8,high_spend_low_return,Search,West,Desktop,12516,873,29,1946.18,1174.47,2553.03,0.0698,0.0332,67.11,-0.4,0.7623,,2333.464285714286,0.049800000000000004,0.03528571428571429,-0.5785714285714285,0,0,0,1,1,Moderate
2024-01-10,8,Campaign_8,high_spend_low_return,Search,West,Desktop,8989,546,17,1507.62,437.5,1829.24,0.0607,0.0311,88.68,-0.71,0.8242,,2331.052857142857,0.05124285714285714,0.03571428571428571,-0.6185714285714285,0,0,0,1,1,Moderate
2024-01-11,8,Campaign_8,high_spend_low_return,Search,West,Desktop,9007,283,9,703.3,424.89,882.85,0.0314,0.0318,78.14,-0.4,0.7966,,2281.4900000000002,0.05048571428571429,0.03718571428571428,-0.5685714285714285,0,1,0,1,2,Moderate
2024-01-12,8,Campaign_8,high_spend_low_return,Search,West,Desktop,9868,471,16,1498.82,455.57,1809.32,0.0477,0.034,93.68,-0.7,0.8284,,1662.6485714285716,0.051057142857142856,0.03571428571428571,-0.5614285714285714,0,0,0,1,1,Moderate
2024-01-13,8,Campaign_8,high_spend_low_return,Search,West,Desktop,9223,617,30,1144.64,997.37,1347.9,0.0669,0.0486,38.15,-0.13,0.8492,,1621.8271428571427,0.05407142857142857,0.03621428571428571,-0.5085714285714286,0,0,0,1,1,Moderate
2024-01-14,8,Campaign_8,high_spend_low_return,Search,West,Desktop,10569,445,22,1287.26,1102.61,1730.28,0.0421,0.0494,58.51,-0.14,0.744,,1403.2842857142857,0.0521,0.0366,-0.4542857142857143,0,0,0,1,1,Moderate
2024-01-15,8,Campaign_8,high_spend_low_return,Search,West,Desktop,8572,548,23,1491.86,1101.14,1743.23,0.0639,0.042,64.86,-0.26,0.8558,,1368.5257142857142,0.05464285714285714,0.038585714285714286,-0.39142857142857146,0,0,0,1,1,Moderate
2024-01-16,8,Campaign_8,high_spend_low_return,Search,West,Desktop,15422,736,31,1610.49,838.43,1892.3,0.0477,0.0421,51.95,-0.48,0.8511,,1320.57,0.05148571428571429,0.03985714285714286,-0.4028571428571429,0,0,0,1,1,Moderate
2024-01-17,8,Campaign_8,high_spend_low_return,Search,West,Desktop,15952,733,15,2046.26,839.28,2420.62,0.046,0.0205,136.42,-0.59,0.8453,,1397.5185714285712,0.04938571428571429,0.038342857142857144,-0.38571428571428573,0,0,1,1,2,Moderate
2024-01-18,8,Campaign_8,high_spend_low_return,Search,West,Desktop,9173,303,8,846.89,271.8,1129.32,0.033,0.0264,105.86,-0.68,0.7499,,1418.0314285714287,0.049614285714285715,0.037571428571428575,-0.42571428571428566,0,1,0,1,2,Moderate
2024-01-19,8,Campaign_8,high_spend_low_return,Search,West,Desktop,17118,1027,30,2746.85,1649.68,3342.15,0.06,0.0292,91.56,-0.4,0.8219,,1596.3214285714287,0.051371428571428575,0.036885714285714286,-0.3828571428571429,0,0,0,1,1,Moderate
2024-01-20,8,Campaign_8,high_spend_low_return,Search,West,Desktop,13580,876,29,2284.33,1116.84,3064.83,0.0645,0.0331,78.77,-0.51,0.7453,,1759.1342857142856,0.05102857142857142,0.03467142857142857,-0.43714285714285717,0,0,0,1,1,Moderate
2024-01-21,8,Campaign_8,high_spend_low_return,Search,West,Desktop,16945,834,18,2280.59,712.81,3009.1,0.0492,0.0216,126.7,-0.69,0.7579,,1901.0385714285712,0.052042857142857134,0.0307,-0.5157142857142857,0,0,0,1,1,Moderate
2024-01-22,8,Campaign_8,high_spend_low_return,Search,West,Desktop,14811,628,20,1667.14,1087.62,2105.11,0.0424,0.0318,83.36,-0.35,0.7919,,1926.0785714285716,0.04897142857142857,0.029242857142857143,-0.5285714285714286,0,0,0,1,1,Moderate
2024-01-23,8,Campaign_8,high_spend_low_return,Search,West,Desktop,8867,519,25,1111.9,633.35,1349.97,0.0585,0.0482,44.48,-0.43,0.8236,,1854.8514285714286,0.05051428571428571,0.03011428571428571,-0.5214285714285715,0,0,0,1,1,Moderate
2024-01-24,8,Campaign_8,high_spend_low_return,Search,West,Desktop,12150,844,29,1776.26,1629.51,2214.54,0.0695,0.0344,61.25,-0.08,0.8021,,1816.2800000000002,0.05387142857142857,0.032100000000000004,-0.4485714285714285,0,0,0,1,1,Moderate
2024-01-25,8,Campaign_8,high_spend_low_return,Search,West,Desktop,10738,546,2,1875.18,94.51,2421.73,0.0508,0.0037,937.59,-0.95,0.7743,Conversion Drop,1963.1785714285713,0.05641428571428571,0.02885714285714286,-0.48714285714285716,0,0,1,1,2,Moderate
2024-01-26,8,Campaign_8,high_spend_low_return,Search,West,Desktop,11645,567,21,3672.44,544.92,4512.18,0.0487,0.037,174.88,-0.85,0.8139,Spend Spike,2095.405714285714,0.0548,0.02997142857142857,-0.5514285714285714,0,0,0,1,1,Moderate
2024-01-27,8,Campaign_8,high_spend_low_return,Search,West,Desktop,14364,885,43,1970.44,1842.03,2615.2,0.0616,0.0486,45.82,-0.07,0.7535,,2050.5642857142857,0.054385714285714294,0.03218571428571428,-0.48857142857142855,0,0,0,1,1,Moderate
2024-01-28,8,Campaign_8,high_spend_low_return,Search,West,Desktop,16283,1092,53,2910.43,2164.99,3404.25,0.0671,0.0485,54.91,-0.26,0.8549,,2140.5414285714287,0.05694285714285715,0.036028571428571424,-0.42714285714285716,0,0,0,1,1,Moderate
2024-01-29,8,Campaign_8,high_spend_low_return,Search,West,Desktop,13724,863,35,2415.51,1880.22,2893.94,0.0629,0.0406,69.01,-0.22,0.8347,,2247.4514285714286,0.059871428571428575,0.03728571428571429,-0.40857142857142853,0,0,0,1,1,Moderate
2024-01-30,8,Campaign_8,high_spend_low_return,Search,West,Desktop,12332,621,17,1451.88,476.75,1798.79,0.0504,0.0274,85.4,-0.67,0.8071,,2296.02,0.05871428571428572,0.03431428571428571,-0.4428571428571428,0,0,0,1,1,Moderate
2024-01-31,8,Campaign_8,high_spend_low_return,Search,West,Desktop,13490,544,16,1713.66,750.12,2286.72,0.0403,0.0294,107.1,-0.56,0.7494,,2287.077142857143,0.05454285714285715,0.0336,-0.5114285714285715,0,0,0,1,1,Moderate
2024-02-01,8,Campaign_8,high_spend_low_return,Search,West,Desktop,11625,795,28,1450.19,952.48,1758.33,0.0684,0.0352,51.79,-0.34,0.8248,,2226.3642857142854,0.05705714285714286,0.0381,-0.4242857142857143,0,0,0,1,1,Moderate
2024-02-02,8,Campaign_8,high_spend_low_return,Search,West,Desktop,13585,563,20,1523.84,783.95,1860.1,0.0414,0.0355,76.19,-0.49,0.8192,,1919.4214285714286,0.05601428571428572,0.037885714285714286,-0.37285714285714283,0,0,0,1,1,Moderate
2024-02-03,8,Campaign_8,high_spend_low_return,Search,West,Desktop,8203,523,11,1182.94,314.95,1400.13,0.0638,0.021,107.54,-0.73,0.8449,,1806.9214285714286,0.05632857142857143,0.03394285714285714,-0.4671428571428572,0,0,1,1,2,Moderate
2024-02-04,8,Campaign_8,high_spend_low_return,Search,West,Desktop,16720,1071,47,1952.67,2648.47,2162.07,0.0641,0.0439,41.55,0.36,0.9031,,1670.0985714285714,0.0559,0.03328571428571429,-0.37857142857142856,0,0,0,0,0,Normal
2024-02-05,8,Campaign_8,high_spend_low_return,Search,West,Desktop,13819,853,31,2031.43,1653.83,2355.59,0.0617,0.0363,65.53,-0.19,0.8624,,1615.23,0.055728571428571426,0.032671428571428573,-0.3742857142857143,0,0,0,1,1,Moderate
2024-02-06,8,Campaign_8,high_spend_low_return,Search,West,Desktop,9070,324,3,683.48,128.85,896.18,0.0357,0.0093,227.83,-0.81,0.7627,Conversion Drop,1505.4585714285713,0.05362857142857143,0.03008571428571429,-0.3942857142857143,0,1,1,1,3,Severe
2024-02-07,8,Campaign_8,high_spend_low_return,Search,West,Desktop,8988,357,11,1204.48,529.1,1441.99,0.0397,0.0308,109.5,-0.56,0.8353,,1432.7185714285713,0.05354285714285715,0.030285714285714287,-0.3942857142857143,0,0,0,1,1,Moderate
2024-02-08,8,Campaign_8,high_spend_low_return,Search,West,Desktop,10440,675,18,2324.33,1053.63,2856.86,0.0647,0.0267,129.13,-0.55,0.8136,,1557.5957142857146,0.053014285714285715,0.029071428571428574,-0.4242857142857144,0,0,0,1,1,Moderate
2024-02-09,8,Campaign_8,high_spend_low_return,Search,West,Desktop,11539,495,23,1026.17,714.28,1197.23,0.0429,0.0465,44.62,-0.3,0.8571,,1486.5,0.053228571428571424,0.030642857142857142,-0.3971428571428572,0,0,0,1,1,Moderate
2024-02-10,8,Campaign_8,high_spend_low_return,Search,West,Desktop,11382,363,11,871.53,396.52,1065.67,0.0319,0.0303,79.23,-0.55,0.8178,,1442.0128571428572,0.04867142857142857,0.031971428571428574,-0.3714285714285715,0,1,0,1,2,Moderate
2024-02-11,8,Campaign_8,high_spend_low_return,Search,West,Desktop,17573,1064,37,3324.92,1601.63,4190.25,0.0605,0.0348,89.86,-0.52,0.7935,,1638.0485714285714,0.04815714285714285,0.03067142857142857,-0.4971428571428572,1,0,0,1,2,Moderate
2024-02-12,8,Campaign_8,high_spend_low_return,Search,West,Desktop,9502,608,19,1607.11,480.16,1965.53,0.064,0.0313,84.58,-0.7,0.8176,,1577.4314285714286,0.04848571428571429,0.029957142857142856,-0.5700000000000001,0,0,0,1,1,Moderate
2024-02-13,8,Campaign_8,high_spend_low_return,Search,West,Desktop,16609,1057,22,3418.85,904.45,4241.64,0.0636,0.0208,155.4,-0.74,0.806,,1968.1985714285713,0.05247142857142857,0.0316,-0.5599999999999999,0,0,0,1,1,Moderate
2024-02-14,8,Campaign_8,high_spend_low_return,Search,West,Desktop,8508,322,9,919.12,396.61,1039.9,0.0378,0.028,102.12,-0.57,0.8839,,1927.4328571428573,0.0522,0.0312,-0.5614285714285715,0,0,0,1,1,Moderate
2024-02-15,8,Campaign_8,high_spend_low_return,Search,West,Desktop,15890,738,30,1601.22,1135.01,1987.01,0.0464,0.0407,53.37,-0.29,0.8058,,1824.1314285714288,0.04958571428571429,0.0332,-0.5242857142857142,0,0,0,1,1,Moderate
2024-02-16,8,Campaign_8,high_spend_low_return,Search,West,Desktop,12354,590,17,1780.76,638.4,2078.05,0.0478,0.0288,104.75,-0.64,0.8569,,1931.9299999999998,0.05028571428571429,0.03067142857142857,-0.5728571428571428,0,0,0,1,1,Moderate
2024-02-17,8,Campaign_8,high_spend_low_return,Search,West,Desktop,17005,1084,33,3217.64,1186.32,3588.4,0.0637,0.0304,97.5,-0.63,0.8967,,2267.0885714285714,0.054828571428571435,0.030685714285714285,-0.5842857142857143,0,0,0,1,1,Moderate
2024-02-18,8,Campaign_8,high_spend_low_return,Search,West,Desktop,16257,701,28,2174.93,998.01,2833.73,0.0431,0.0399,77.68,-0.54,0.7675,,2102.8042857142855,0.05234285714285715,0.031414285714285714,-0.5871428571428571,0,0,0,1,1,Moderate
2024-02-19,8,Campaign_8,high_spend_low_return,Search,West,Desktop,16919,1123,51,2121.77,1461.38,2635.76,0.0664,0.0454,41.6,-0.31,0.805,,2176.327142857143,0.05268571428571428,0.03342857142857143,-0.5314285714285715,0,0,0,1,1,Moderate
2024-02-20,8,Campaign_8,high_spend_low_return,Search,West,Desktop,14183,670,24,1208.37,819.0,1485.78,0.0472,0.0358,50.35,-0.32,0.8133,,1860.5442857142855,0.05034285714285714,0.03557142857142857,-0.4714285714285715,0,0,0,1,1,Moderate
2024-02-21,8,Campaign_8,high_spend_low_return,Search,West,Desktop,11945,699,23,1290.38,936.66,1515.05,0.0585,0.0329,56.1,-0.27,0.8517,,1913.5814285714284,0.0533,0.03627142857142857,-0.42857142857142855,0,0,0,1,1,Moderate
2024-02-22,8,Campaign_8,high_spend_low_return,Search,West,Desktop,10785,434,14,879.54,804.6,1158.29,0.0402,0.0323,62.82,-0.09,0.7593,,1810.4842857142855,0.05241428571428571,0.03507142857142857,-0.39999999999999997,0,0,0,1,1,Moderate
2024-02-23,8,Campaign_8,high_spend_low_return,Search,West,Desktop,17285,727,34,2085.25,1371.99,2508.46,0.0421,0.0468,61.33,-0.34,0.8313,,1853.9828571428573,0.05159999999999999,0.037642857142857145,-0.3571428571428572,0,0,0,1,1,Moderate
2024-02-24,8,Campaign_8,high_spend_low_return,Search,West,Desktop,13408,648,23,1204.27,1089.37,1349.22,0.0483,0.0355,52.36,-0.1,0.8926,,1566.3585714285714,0.0494,0.03837142857142857,-0.2814285714285714,0,0,0,1,1,Moderate
2024-02-25,8,Campaign_8,high_spend_low_return,Search,West,Desktop,12777,604,30,1313.43,858.38,1636.87,0.0473,0.0497,43.78,-0.35,0.8024,,1443.287142857143,0.049999999999999996,0.039771428571428576,-0.25428571428571434,0,0,0,1,1,Moderate
2024-02-26,8,Campaign_8,high_spend_low_return,Search,West,Desktop,9932,483,11,1402.75,609.18,1833.46,0.0486,0.0228,127.52,-0.57,0.7651,,1340.57,0.04745714285714286,0.03654285714285714,-0.2914285714285714,0,0,1,1,2,Moderate
2024-02-27,8,Campaign_8,high_spend_low_return,Search,West,Desktop,11385,624,16,1595.09,903.67,1936.8,0.0548,0.0256,99.69,-0.43,0.8236,,1395.8157142857142,0.048542857142857145,0.03508571428571428,-0.3071428571428571,0,0,0,1,1,Moderate
2024-02-28,8,Campaign_8,high_spend_low_return,Search,West,Desktop,11636,737,30,1467.56,1522.72,1715.25,0.0633,0.0407,48.92,0.04,0.8556,,1421.1271428571429,0.049228571428571434,0.0362,-0.26285714285714284,0,0,0,0,0,Normal
2024-02-29,8,Campaign_8,high_spend_low_return,Search,West,Desktop,15170,933,35,2717.06,2097.79,3074.57,0.0615,0.0375,77.63,-0.23,0.8837,,1683.6299999999999,0.05227142857142857,0.036942857142857145,-0.28285714285714286,0,0,0,1,1,Moderate
2024-03-01,8,Campaign_8,high_spend_low_return,Search,West,Desktop,9125,629,13,2010.99,619.07,2537.54,0.0689,0.0207,154.69,-0.69,0.7925,,1673.0214285714285,0.0561,0.03321428571428572,-0.33285714285714285,0,0,1,1,2,Moderate
2024-03-02,8,Campaign_8,high_spend_low_return,Search,West,Desktop,10944,727,24,1357.97,904.33,1774.32,0.0664,0.033,56.58,-0.33,0.7653,,1694.9785714285713,0.058685714285714285,0.032857142857142856,-0.3657142857142857,0,0,0,1,1,Moderate
2024-03-03,8,Campaign_8,high_spend_low_return,Search,West,Desktop,16772,1078,36,3377.66,2093.07,4175.79,0.0643,0.0334,93.82,-0.38,0.8089,,1989.8685714285712,0.06111428571428571,0.03052857142857143,-0.37,0,0,0,1,1,Moderate
2024-03-04,8,Campaign_8,high_spend_low_return,Search,West,Desktop,11566,796,24,2079.45,898.44,2642.21,0.0688,0.0302,86.64,-0.57,0.787,,2086.54,0.064,0.031585714285714286,-0.37,0,0,0,1,1,Moderate
2024-03-05,8,Campaign_8,high_spend_low_return,Search,West,Desktop,10283,331,10,971.08,285.89,1158.64,0.0322,0.0302,97.11,-0.71,0.8381,,1997.3957142857141,0.06077142857142857,0.03224285714285714,-0.41,0,1,0,1,2,Moderate
2024-03-06,8,Campaign_8,high_spend_low_return,Search,West,Desktop,8524,408,13,787.79,630.2,1028.31,0.0479,0.0319,60.6,-0.2,0.7661,,1900.2857142857142,0.058571428571428566,0.030985714285714287,-0.4442857142857143,0,0,0,1,1,Moderate
2024-03-07,8,Campaign_8,high_spend_low_return,Search,West,Desktop,13336,867,23,2372.09,729.96,2879.96,0.065,0.0265,103.13,-0.69,0.8237,,1851.0042857142855,0.05907142857142857,0.029414285714285716,-0.5099999999999999,0,0,0,1,1,Moderate
2024-03-08,8,Campaign_8,high_spend_low_return,Search,West,Desktop,17663,1039,36,2940.14,1696.17,3621.55,0.0588,0.0346,81.67,-0.42,0.8118,,1983.74,0.05762857142857143,0.0314,-0.4714285714285714,0,0,0,1,1,Moderate
2024-03-09,8,Campaign_8,high_spend_low_return,Search,West,Desktop,17609,938,24,1988.56,754.77,2422.2,0.0533,0.0256,82.86,-0.62,0.821,,2073.8242857142855,0.05575714285714285,0.030342857142857144,-0.5128571428571428,0,0,0,1,1,Moderate
2024-03-10,8,Campaign_8,high_spend_low_return,Search,West,Desktop,8847,451,10,967.33,599.41,1208.15,0.051,0.0222,96.73,-0.38,0.8007,,1729.4914285714287,0.05385714285714286,0.028742857142857143,-0.5128571428571428,0,0,0,1,1,Moderate
2024-03-11,8,Campaign_8,high_spend_low_return,Search,West,Desktop,11673,555,15,1790.03,750.7,2276.44,0.0475,0.027,119.34,-0.58,0.7863,,1688.1457142857143,0.050814285714285715,0.028285714285714286,-0.5142857142857142,0,0,0,1,1,Moderate
2024-03-12,8,Campaign_8,high_spend_low_return,Search,West,Desktop,8282,478,13,1477.36,606.99,1653.69,0.0577,0.0272,113.64,-0.59,0.8934,,1760.4714285714285,0.05445714285714286,0.027857142857142858,-0.49714285714285716,0,0,0,1,1,Moderate
2024-03-13,8,Campaign_8,high_spend_low_return,Search,West,Desktop,8066,436,12,1360.63,329.73,1721.33,0.0541,0.0275,113.39,-0.76,0.7905,,1842.3057142857142,0.055342857142857145,0.02722857142857143,-0.5771428571428572,0,0,0,1,1,Moderate
2024-03-14,8,Campaign_8,high_spend_low_return,Search,West,Desktop,12631,523,20,1220.72,1170.58,1352.99,0.0414,0.0382,61.04,-0.04,0.9022,,1677.8242857142855,0.05197142857142857,0.0289,-0.4842857142857143,0,0,0,1,1,Moderate
2024-03-15,8,Campaign_8,high_spend_low_return,Search,West,Desktop,12141,740,19,5751.14,506.97,7161.42,0.061,0.0257,302.69,-0.91,0.8031,Spend Spike,2079.3957142857143,0.05228571428571428,0.02762857142857143,-0.5542857142857143,1,0,0,1,2,Moderate
2024-03-16,8,Campaign_8,high_spend_low_return,Search,West,Desktop,9507,631,15,1828.69,497.26,2137.26,0.0664,0.0238,121.91,-0.73,0.8556,,2056.557142857143,0.054157142857142855,0.02737142857142857,-0.57,0,0,0,1,1,Moderate
2024-03-17,8,Campaign_8,high_spend_low_return,Search,West,Desktop,16014,796,37,2688.59,1139.22,3310.27,0.0497,0.0465,72.66,-0.58,0.8122,,2302.451428571429,0.053971428571428566,0.03084285714285714,-0.5985714285714285,0,0,0,1,1,Moderate
2024-03-18,8,Campaign_8,high_spend_low_return,Search,West,Desktop,11787,478,22,944.48,1055.55,1253.09,0.0406,0.046,42.93,0.12,0.7537,,2181.6585714285716,0.05298571428571429,0.033557142857142855,-0.49857142857142855,0,0,0,0,0,Normal
2024-03-19,8,Campaign_8,high_spend_low_return,Search,West,Desktop,16867,634,22,1646.75,604.7,2148.31,0.0376,0.0347,74.85,-0.63,0.7665,,2205.857142857143,0.050114285714285715,0.03462857142857143,-0.5042857142857142,0,0,0,1,1,Moderate
2024-03-20,8,Campaign_8,high_spend_low_return,Search,West,Desktop,17807,835,36,1703.69,1064.2,2148.11,0.0469,0.0431,47.32,-0.38,0.7931,,2254.8657142857146,0.04908571428571428,0.03685714285714286,-0.45000000000000007,0,0,0,1,1,Moderate
2024-03-21,8,Campaign_8,high_spend_low_return,Search,West,Desktop,13795,461,12,959.06,352.34,1142.7,0.0334,0.026,79.92,-0.63,0.8393,,2217.4857142857145,0.04794285714285714,0.035114285714285716,-0.5342857142857144,0,1,0,1,2,Moderate
2024-03-22,8,Campaign_8,high_spend_low_return,Search,West,Desktop,15979,881,24,1644.22,982.68,2174.88,0.0551,0.0272,68.51,-0.4,0.756,,1630.782857142857,0.047099999999999996,0.03532857142857143,-0.4614285714285714,0,0,0,1,1,Moderate
2024-03-23,8,Campaign_8,high_spend_low_return,Search,West,Desktop,14093,615,15,1114.15,620.18,1416.54,0.0436,0.0244,74.28,-0.44,0.7865,,1528.7057142857143,0.043842857142857135,0.03541428571428572,-0.42,0,0,0,1,1,Moderate
2024-03-24,8,Campaign_8,high_spend_low_return,Search,West,Desktop,9537,326,14,1091.23,537.59,1372.4,0.0342,0.0429,77.95,-0.51,0.7951,,1300.5114285714285,0.041628571428571425,0.0349,-0.41000000000000003,0,0,0,1,1,Moderate
2024-03-25,8,Campaign_8,high_spend_low_return,Search,West,Desktop,16697,1126,54,2361.37,3003.27,3032.84,0.0674,0.048,43.73,0.27,0.7786,,1502.9242857142858,0.045457142857142856,0.035185714285714285,-0.3885714285714285,0,0,0,0,0,Normal
2024-03-26,8,Campaign_8,high_spend_low_return,Search,West,Desktop,17244,954,39,2134.25,1956.96,2508.49,0.0553,0.0409,54.72,-0.08,0.8508,,1572.567142857143,0.04798571428571429,0.036071428571428574,-0.31,0,0,0,1,1,Moderate
2024-03-27,8,Campaign_8,high_spend_low_return,Search,West,Desktop,13560,458,21,1552.72,1245.16,2045.15,0.0338,0.0459,73.94,-0.2,0.7592,,1551.0,0.04611428571428572,0.036471428571428564,-0.2842857142857143,0,0,0,1,1,Moderate
2024-03-28,8,Campaign_8,high_spend_low_return,Search,West,Desktop,17747,1114,55,2405.61,1885.45,3044.82,0.0628,0.0494,43.74,-0.22,0.7901,,1757.6499999999999,0.05031428571428571,0.03981428571428571,-0.2257142857142857,0,0,0,1,1,Moderate
2024-03-29,8,Campaign_8,high_spend_low_return,Search,West,Desktop,15265,943,22,3264.33,1292.55,3724.38,0.0618,0.0233,148.38,-0.6,0.8765,,1989.0942857142857,0.05127142857142857,0.03925714285714286,-0.2542857142857143,0,0,1,1,2,Moderate
2024-03-30,8,Campaign_8,high_spend_low_return,Search,West,Desktop,10251,628,16,1408.68,451.82,1690.22,0.0613,0.0255,88.04,-0.68,0.8334,,2031.1699999999998,0.05380000000000001,0.03941428571428572,-0.2885714285714286,0,0,1,1,2,Moderate
2024-01-01,9,Campaign_9,efficient_low_scale,Display,North,Tablet,7067,514,73,337.21,5358.02,419.89,0.0727,0.142,4.62,14.89,0.8031,,,,,,0,0,0,0,0,Normal
2024-01-02,9,Campaign_9,efficient_low_scale,Display,North,Tablet,13989,809,43,959.07,3458.83,1207.78,0.0578,0.0532,22.3,2.61,0.7941,Conversion Drop,,,,,0,0,0,0,0,Normal
2024-01-03,9,Campaign_9,efficient_low_scale,Display,North,Tablet,9030,373,63,480.11,5713.23,635.07,0.0413,0.1689,7.62,10.9,0.756,,592.13,0.05726666666666667,0.12136666666666666,9.466666666666667,0,0,0,0,0,Normal
2024-01-04,9,Campaign_9,efficient_low_scale,Display,North,Tablet,10337,673,103,481.5,7788.2,634.8,0.0651,0.153,4.67,15.17,0.7585,,564.4725000000001,0.059225,0.129275,10.8925,0,0,0,0,0,Normal
2024-01-05,9,Campaign_9,efficient_low_scale,Display,North,Tablet,10690,693,132,947.52,10763.38,1199.64,0.0648,0.1905,7.18,10.36,0.7898,,641.082,0.06033999999999999,0.14152,10.786,0,0,0,0,0,Normal
2024-01-06,9,Campaign_9,efficient_low_scale,Display,North,Tablet,13009,524,63,560.3,6131.39,668.78,0.0403,0.1202,8.89,9.94,0.8378,,627.6183333333333,0.056999999999999995,0.13796666666666665,10.645,0,0,0,0,0,Normal
2024-01-07,9,Campaign_9,efficient_low_scale,Display,North,Tablet,12323,853,118,1066.69,12426.09,1297.08,0.0692,0.1383,9.04,10.65,0.8224,,690.342857142857,0.058742857142857145,0.1380142857142857,10.645714285714286,0,0,0,0,0,Normal
2024-01-08,9,Campaign_9,efficient_low_scale,Display,North,Tablet,8060,346,74,215.67,7583.1,409.39,0.0429,0.2139,2.91,34.16,0.5268,CTR Drop,672.9799999999999,0.05448571428571429,0.1482857142857143,13.398571428571428,0,0,0,0,0,Normal
2024-01-09,9,Campaign_9,efficient_low_scale,Display,North,Tablet,18346,1149,222,1425.51,21549.05,1776.98,0.0626,0.1932,6.42,14.12,0.8022,,739.6142857142858,0.05517142857142857,0.16828571428571432,15.042857142857143,1,0,0,0,1,Moderate
2024-01-10,9,Campaign_9,efficient_low_scale,Display,North,Tablet,7879,383,53,484.64,5182.97,646.38,0.0486,0.1384,9.14,9.69,0.7498,,740.2614285714286,0.05621428571428571,0.16392857142857142,14.87,0,0,0,0,0,Normal
2024-01-11,9,Campaign_9,efficient_low_scale,Display,North,Tablet,18901,1040,133,1142.3,12876.06,1319.49,0.055,0.1279,8.59,10.27,0.8657,,834.6614285714285,0.05477142857142857,0.16034285714285715,14.169999999999998,0,0,0,0,0,Normal
2024-01-12,9,Campaign_9,efficient_low_scale,Display,North,Tablet,11457,886,172,620.36,15982.8,815.02,0.0773,0.1941,3.61,24.76,0.7612,,787.9242857142857,0.05655714285714286,0.16085714285714284,16.227142857142855,0,0,0,0,0,Normal
2024-01-13,9,Campaign_9,efficient_low_scale,Display,North,Tablet,8960,397,78,293.71,8492.78,375.77,0.0443,0.1965,3.77,27.92,0.7816,,749.84,0.05712857142857143,0.17175714285714286,18.795714285714286,0,0,0,0,0,Normal
2024-01-14,9,Campaign_9,efficient_low_scale,Display,North,Tablet,9656,416,60,332.23,7756.85,426.3,0.0431,0.1442,5.54,22.35,0.7793,,644.9171428571428,0.053399999999999996,0.17260000000000003,20.467142857142857,0,0,0,0,0,Normal
2024-01-15,9,Campaign_9,efficient_low_scale,Display,North,Tablet,17972,921,140,725.25,9965.07,972.85,0.0512,0.152,5.18,12.74,0.7455,,717.7142857142857,0.054585714285714286,0.16375714285714288,17.40714285714286,0,0,0,0,0,Normal
2024-01-16,9,Campaign_9,efficient_low_scale,Display,North,Tablet,18144,632,215,585.45,27695.37,1726.7,0.0348,0.3402,2.72,46.31,0.3391,CTR Drop,597.7057142857144,0.050614285714285716,0.18475714285714284,22.005714285714284,0,1,0,0,1,Moderate
2024-01-17,9,Campaign_9,efficient_low_scale,Display,North,Tablet,12711,899,166,827.34,21053.64,1069.72,0.0707,0.1846,4.98,24.45,0.7734,,646.6628571428571,0.053771428571428574,0.19135714285714284,24.114285714285717,0,0,0,0,0,Normal
2024-01-18,9,Campaign_9,efficient_low_scale,Display,North,Tablet,7405,500,73,386.24,8674.05,477.2,0.0675,0.146,5.29,21.46,0.8094,,538.6542857142857,0.05555714285714286,0.19394285714285714,25.712857142857143,0,0,0,0,0,Normal
2024-01-19,9,Campaign_9,efficient_low_scale,Display,North,Tablet,17516,1367,169,2716.59,17281.07,2876.65,0.078,0.1236,16.07,5.36,0.9444,Spend Spike,838.1157142857143,0.055657142857142856,0.1838714285714286,22.94142857142857,1,0,0,0,1,Moderate
2024-01-20,9,Campaign_9,efficient_low_scale,Display,North,Tablet,15388,774,136,473.3,9924.02,582.46,0.0503,0.1757,3.48,19.97,0.8126,,863.7714285714285,0.056514285714285704,0.1809,21.805714285714288,0,0,0,0,0,Normal
2024-01-21,9,Campaign_9,efficient_low_scale,Display,North,Tablet,8564,571,74,692.3,6113.25,903.32,0.0667,0.1296,9.36,7.83,0.7664,,915.21,0.059885714285714285,0.17881428571428573,19.73142857142857,0,0,0,0,0,Normal
2024-01-22,9,Campaign_9,efficient_low_scale,Display,North,Tablet,14411,403,92,449.12,10649.19,1203.86,0.028,0.2283,4.88,22.71,0.3731,CTR Drop,875.7628571428571,0.056571428571428564,0.1897142857142857,21.155714285714286,0,1,0,0,1,Moderate
2024-01-23,9,Campaign_9,efficient_low_scale,Display,North,Tablet,10161,705,133,716.78,14650.74,835.17,0.0694,0.1887,5.39,19.44,0.8582,,894.5242857142856,0.06151428571428571,0.16807142857142857,17.31714285714286,0,0,0,0,0,Normal
2024-01-24,9,Campaign_9,efficient_low_scale,Display,North,Tablet,10048,770,139,510.71,13462.17,634.39,0.0766,0.1805,3.67,25.36,0.805,,849.2914285714286,0.062357142857142854,0.16748571428571427,17.447142857142858,0,0,0,0,0,Normal
2024-01-25,9,Campaign_9,efficient_low_scale,Display,North,Tablet,18834,1278,163,1047.11,14540.15,1361.83,0.0679,0.1275,6.42,12.89,0.7689,,943.7014285714286,0.062414285714285714,0.16484285714285715,16.222857142857144,0,0,0,0,0,Normal
2024-01-26,9,Campaign_9,efficient_low_scale,Display,North,Tablet,9965,445,69,570.73,7236.67,655.15,0.0447,0.1551,8.27,11.68,0.8711,,637.1499999999999,0.05765714285714285,0.16934285714285716,17.125714285714285,0,0,0,0,0,Normal
2024-01-27,9,Campaign_9,efficient_low_scale,Display,North,Tablet,8083,496,75,634.17,7468.42,775.32,0.0614,0.1512,8.46,10.78,0.8179,,660.1314285714285,0.05924285714285714,0.16584285714285713,15.812857142857142,0,0,0,0,0,Normal
2024-01-28,9,Campaign_9,efficient_low_scale,Display,North,Tablet,11949,758,147,895.08,18384.75,1119.87,0.0634,0.1939,6.09,19.54,0.7993,,689.1,0.05877142857142857,0.17502857142857145,17.485714285714288,0,0,0,0,0,Normal
2024-01-29,9,Campaign_9,efficient_low_scale,Display,North,Tablet,9032,399,72,293.84,6972.55,373.88,0.0442,0.1805,4.08,22.73,0.7859,,666.9171428571428,0.06108571428571429,0.1682,17.488571428571426,0,0,0,0,0,Normal
2024-01-30,9,Campaign_9,efficient_low_scale,Display,North,Tablet,11442,620,96,850.9,8893.53,1022.7,0.0542,0.1548,8.86,9.45,0.832,,686.0771428571428,0.05891428571428571,0.16335714285714284,16.06142857142857,0,0,0,0,0,Normal
2024-01-31,9,Campaign_9,efficient_low_scale,Display,North,Tablet,11098,477,82,376.85,8147.25,482.63,0.043,0.1719,4.6,20.62,0.7808,,666.9542857142857,0.05411428571428572,0.16212857142857143,15.384285714285713,0,0,0,0,0,Normal
2024-02-01,9,Campaign_9,efficient_low_scale,Display,North,Tablet,14875,870,161,997.6,13043.23,1204.32,0.0585,0.1851,6.2,12.07,0.8284,,659.8814285714286,0.05277142857142857,0.17035714285714285,15.267142857142856,0,0,0,0,0,Normal
2024-02-02,9,Campaign_9,efficient_low_scale,Display,North,Tablet,15057,709,113,471.88,9238.75,634.26,0.0471,0.1594,4.18,18.58,0.744,,645.76,0.05311428571428572,0.17097142857142855,16.252857142857142,0,0,0,0,0,Normal
2024-02-03,9,Campaign_9,efficient_low_scale,Display,North,Tablet,9433,425,82,422.8,7971.58,542.1,0.0451,0.1929,5.16,17.85,0.7799,,615.5642857142857,0.05078571428571429,0.1769285714285714,17.262857142857143,0,0,0,0,0,Normal
2024-02-04,9,Campaign_9,efficient_low_scale,Display,North,Tablet,13412,1072,197,1317.89,19814.96,1499.52,0.0799,0.1838,6.69,14.04,0.8789,,675.9657142857143,0.053142857142857144,0.17548571428571427,16.47714285714286,1,0,0,0,1,Moderate
2024-02-05,9,Campaign_9,efficient_low_scale,Display,North,Tablet,8845,665,90,565.77,9651.01,721.27,0.0752,0.1353,6.29,16.06,0.7844,,714.8128571428572,0.057571428571428565,0.1690285714285714,15.524285714285714,0,0,0,0,0,Normal
2024-02-06,9,Campaign_9,efficient_low_scale,Display,North,Tablet,14931,875,130,600.88,15932.28,689.49,0.0586,0.1486,4.62,25.51,0.8715,,679.0957142857143,0.058199999999999995,0.16814285714285715,17.818571428571428,0,0,0,0,0,Normal
2024-02-07,9,Campaign_9,efficient_low_scale,Display,North,Tablet,9824,475,103,490.28,7521.0,904.37,0.0484,0.2168,4.76,14.34,0.5421,CTR Drop,695.3000000000001,0.058971428571428564,0.17455714285714283,16.92142857142857,0,0,0,0,0,Normal
2024-02-08,9,Campaign_9,efficient_low_scale,Display,North,Tablet,19824,1184,229,725.41,26059.15,809.14,0.0597,0.1934,3.17,34.92,0.8965,,656.4157142857142,0.05914285714285714,0.17574285714285715,20.185714285714287,0,0,0,0,0,Normal
2024-02-09,9,Campaign_9,efficient_low_scale,Display,North,Tablet,13226,872,125,844.08,10845.05,962.15,0.0659,0.1433,6.75,11.85,0.8773,,709.5871428571428,0.061828571428571434,0.17344285714285718,19.224285714285713,0,0,0,0,0,Normal
2024-02-10,9,Campaign_9,efficient_low_scale,Display,North,Tablet,8287,388,52,331.76,5491.71,374.58,0.0468,0.134,6.38,15.55,0.8857,,696.5814285714285,0.06207142857142857,0.16502857142857144,18.895714285714288,0,0,0,0,0,Normal
2024-02-11,9,Campaign_9,efficient_low_scale,Display,North,Tablet,8077,328,48,220.37,4099.67,275.46,0.0406,0.1463,4.59,17.6,0.8,,539.7928571428572,0.05645714285714286,0.1596714285714286,19.404285714285717,0,0,0,0,0,Normal
2024-02-12,9,Campaign_9,efficient_low_scale,Display,North,Tablet,10632,719,95,571.43,11450.5,646.0,0.0676,0.1321,6.02,19.04,0.8846,,540.6014285714285,0.05537142857142857,0.15921428571428572,19.830000000000002,0,0,0,0,0,Normal
2024-02-13,9,Campaign_9,efficient_low_scale,Display,North,Tablet,16004,974,137,1182.26,17207.19,1402.58,0.0609,0.1407,8.63,13.55,0.8429,,623.6557142857143,0.05569999999999999,0.1580857142857143,18.12142857142857,1,0,0,0,1,Moderate
2024-02-14,9,Campaign_9,efficient_low_scale,Display,North,Tablet,9011,504,74,614.01,8746.08,731.68,0.0559,0.1468,8.3,13.24,0.8392,,641.3314285714285,0.05677142857142858,0.1480857142857143,17.964285714285715,0,0,0,0,0,Normal
2024-02-15,9,Campaign_9,efficient_low_scale,Display,North,Tablet,7196,342,51,234.15,5492.31,315.28,0.0475,0.1491,4.59,22.46,0.7427,,571.1514285714286,0.05502857142857143,0.14175714285714286,16.184285714285714,0,0,0,0,0,Normal
2024-02-16,9,Campaign_9,efficient_low_scale,Display,North,Tablet,20384,1217,146,1218.13,13581.85,1388.41,0.0597,0.12,8.34,10.15,0.8774,,624.5871428571428,0.054142857142857145,0.13842857142857143,15.941428571428572,1,0,0,0,1,Moderate
2024-02-17,9,Campaign_9,efficient_low_scale,Display,North,Tablet,7600,369,50,436.66,5000.87,498.8,0.0486,0.1355,8.73,10.45,0.8754,,639.5728571428572,0.0544,0.13864285714285715,15.212857142857143,0,0,0,0,0,Normal
2024-02-18,9,Campaign_9,efficient_low_scale,Display,North,Tablet,11772,511,80,377.72,7219.89,453.3,0.0434,0.1566,4.72,18.11,0.8333,,662.0514285714287,0.0548,0.14011428571428572,15.285714285714286,0,0,0,0,0,Normal
2024-02-19,9,Campaign_9,efficient_low_scale,Display,North,Tablet,7081,473,94,617.86,9247.67,760.34,0.0668,0.1987,6.57,13.97,0.8126,,668.6842857142857,0.05468571428571429,0.14962857142857144,14.561428571428573,0,0,0,0,0,Normal
2024-02-20,9,Campaign_9,efficient_low_scale,Display,North,Tablet,14539,1152,53,970.51,5739.55,1292.81,0.0792,0.046,18.31,4.91,0.7507,Conversion Drop,638.4342857142857,0.057300000000000004,0.1361,13.327142857142858,0,0,1,0,1,Moderate
2024-02-21,9,Campaign_9,efficient_low_scale,Display,North,Tablet,14322,1016,172,1102.8,20806.53,1434.7,0.0709,0.1693,6.41,17.87,0.7687,,708.2614285714286,0.059442857142857145,0.13931428571428572,13.988571428571428,0,0,0,0,0,Normal
2024-02-22,9,Campaign_9,efficient_low_scale,Display,North,Tablet,13597,620,79,637.59,5933.58,820.04,0.0456,0.1274,8.07,8.31,0.7775,,765.8957142857143,0.059171428571428576,0.1362142857142857,11.967142857142857,0,0,0,0,0,Normal
2024-02-23,9,Campaign_9,efficient_low_scale,Display,North,Tablet,16170,1208,230,1063.22,17248.96,1252.34,0.0747,0.1904,4.62,15.22,0.849,,743.7657142857144,0.06131428571428572,0.14627142857142858,12.691428571428572,0,0,0,0,0,Normal
2024-02-24,9,Campaign_9,efficient_low_scale,Display,North,Tablet,7976,567,85,541.2,7868.57,666.48,0.0711,0.1499,6.37,13.54,0.812,,758.7,0.06452857142857142,0.14832857142857142,13.132857142857144,0,0,0,0,0,Normal
2024-02-25,9,Campaign_9,efficient_low_scale,Display,North,Tablet,7857,466,83,397.57,7514.09,493.18,0.0593,0.1781,4.79,17.9,0.8061,,761.5357142857143,0.0668,0.1514,13.102857142857143,0,0,0,0,0,Normal
2024-02-26,9,Campaign_9,efficient_low_scale,Display,North,Tablet,7452,482,77,499.64,7050.54,573.75,0.0647,0.1598,6.49,13.11,0.8708,,744.6471428571429,0.0665,0.14584285714285716,12.979999999999999,0,0,0,0,0,Normal
2024-02-27,9,Campaign_9,efficient_low_scale,Display,North,Tablet,7795,583,81,806.37,7547.75,971.98,0.0748,0.1389,9.96,8.36,0.8296,,721.1985714285714,0.06587142857142857,0.15911428571428574,13.472857142857142,0,0,0,0,0,Normal
2024-02-28,9,Campaign_9,efficient_low_scale,Display,North,Tablet,9981,703,134,795.69,10225.97,1001.66,0.0704,0.1906,5.94,11.85,0.7944,,677.3257142857143,0.0658,0.16215714285714286,12.612857142857141,0,0,0,0,0,Normal
2024-02-29,9,Campaign_9,efficient_low_scale,Display,North,Tablet,7102,206,62,221.86,6980.22,478.05,0.029,0.301,3.58,30.46,0.4641,CTR Drop,617.9357142857143,0.06342857142857143,0.18695714285714285,15.777142857142858,0,1,0,0,1,Moderate
2024-03-01,9,Campaign_9,efficient_low_scale,Display,North,Tablet,14878,1163,225,987.34,18572.28,1309.71,0.0782,0.1935,4.39,17.81,0.7539,,607.0957142857143,0.06392857142857143,0.18739999999999998,16.147142857142857,0,0,0,0,0,Normal
2024-03-02,9,Campaign_9,efficient_low_scale,Display,North,Tablet,13688,866,128,633.41,12828.57,801.9,0.0633,0.1478,4.95,19.25,0.7899,,620.2685714285715,0.06281428571428571,0.18710000000000002,16.962857142857143,0,0,0,0,0,Normal
2024-03-03,9,Campaign_9,efficient_low_scale,Display,North,Tablet,19118,924,113,1102.38,13521.2,1457.85,0.0483,0.1223,9.76,11.27,0.7562,,720.9557142857144,0.06124285714285714,0.17912857142857144,16.01571428571429,0,0,0,0,0,Normal
2024-03-04,9,Campaign_9,efficient_low_scale,Display,North,Tablet,12546,825,157,978.7,15778.71,1141.68,0.0658,0.1903,6.23,15.12,0.8572,,789.3928571428571,0.0614,0.18348571428571428,16.302857142857142,0,0,0,0,0,Normal
2024-03-05,9,Campaign_9,efficient_low_scale,Display,North,Tablet,6436,363,65,419.16,8413.51,513.28,0.0564,0.1791,6.45,19.07,0.8166,,734.0771428571428,0.05877142857142857,0.18922857142857144,17.83285714285714,0,0,0,0,0,Normal
2024-03-06,9,Campaign_9,efficient_low_scale,Display,North,Tablet,12062,694,113,858.5,11863.2,1086.07,0.0575,0.1628,7.6,12.82,0.7905,,743.0500000000001,0.05692857142857143,0.18525714285714284,17.97142857142857,0,0,0,0,0,Normal
2024-03-07,9,Campaign_9,efficient_low_scale,Display,North,Tablet,13697,711,127,545.07,10453.78,668.9,0.0519,0.1786,4.29,18.18,0.8149,,789.222857142857,0.0602,0.16777142857142854,16.217142857142857,0,0,0,0,0,Normal
2024-03-08,9,Campaign_9,efficient_low_scale,Display,North,Tablet,14678,1124,203,1128.6,26248.35,1283.46,0.0766,0.1806,5.56,22.26,0.8793,,809.4028571428571,0.05997142857142857,0.16592857142857143,16.852857142857143,0,0,0,0,0,Normal
2024-03-09,9,Campaign_9,efficient_low_scale,Display,North,Tablet,14720,1018,153,1249.62,15234.79,1604.13,0.0692,0.1503,8.17,11.19,0.779,,897.4328571428571,0.06081428571428572,0.16628571428571431,15.70142857142857,0,0,0,0,0,Normal
2024-03-10,9,Campaign_9,efficient_low_scale,Display,North,Tablet,10457,742,122,773.29,9379.91,952.99,0.071,0.1644,6.34,11.13,0.8114,,850.42,0.06405714285714285,0.17229999999999998,15.68142857142857,0,0,0,0,0,Normal
2024-03-11,9,Campaign_9,efficient_low_scale,Display,North,Tablet,8471,349,58,359.94,7431.48,438.49,0.0412,0.1662,6.21,19.65,0.8209,,762.0257142857142,0.06054285714285714,0.16885714285714284,16.32857142857143,0,1,0,0,1,Moderate
2024-03-12,9,Campaign_9,efficient_low_scale,Display,North,Tablet,6037,264,32,263.82,3393.16,337.77,0.0437,0.1212,8.24,11.86,0.7811,,739.8342857142858,0.05872857142857143,0.1605857142857143,15.298571428571426,0,0,0,0,0,Normal
2024-03-13,9,Campaign_9,efficient_low_scale,Display,North,Tablet,12587,637,111,865.7,9555.19,964.25,0.0506,0.1743,7.8,10.04,0.8978,,740.8628571428571,0.057742857142857144,0.16222857142857142,14.901428571428571,0,0,0,0,0,Normal
2024-03-14,9,Campaign_9,efficient_low_scale,Display,North,Tablet,10779,744,102,713.69,12014.28,901.03,0.069,0.1371,7.0,15.83,0.7921,,764.9514285714286,0.06018571428571429,0.15630000000000002,14.565714285714284,0,0,0,0,0,Normal
2024-03-15,9,Campaign_9,efficient_low_scale,Display,North,Tablet,12756,779,101,836.64,9993.91,960.69,0.0611,0.1297,8.28,10.95,0.8709,,723.2428571428571,0.05797142857142857,0.14902857142857145,12.950000000000001,0,0,0,0,0,Normal
2024-03-16,9,Campaign_9,efficient_low_scale,Display,North,Tablet,11754,701,131,512.39,11346.86,654.06,0.0596,0.1869,3.91,21.14,0.7834,,617.9242857142857,0.0566,0.15425714285714287,14.37142857142857,0,0,0,0,0,Normal
2024-03-17,9,Campaign_9,efficient_low_scale,Display,North,Tablet,19807,1498,229,1072.84,23234.09,1343.11,0.0756,0.1529,4.68,20.66,0.7988,,660.7171428571429,0.05725714285714286,0.15261428571428573,15.732857142857142,0,0,0,0,0,Normal
2024-03-18,9,Campaign_9,efficient_low_scale,Display,North,Tablet,10219,281,69,342.03,8618.67,685.22,0.0275,0.2456,4.96,24.2,0.4992,CTR Drop,658.1585714285715,0.0553,0.16395714285714286,16.382857142857144,0,1,0,0,1,Moderate
2024-03-19,9,Campaign_9,efficient_low_scale,Display,North,Tablet,13983,1037,176,1242.11,14531.45,1595.25,0.0742,0.1697,7.06,10.7,0.7786,,797.9142857142857,0.05965714285714286,0.1708857142857143,16.217142857142857,0,0,0,0,0,Normal
2024-03-20,9,Campaign_9,efficient_low_scale,Display,North,Tablet,10459,701,135,829.86,15407.25,987.42,0.067,0.1926,6.15,17.57,0.8404,,792.7942857142856,0.062,0.1735,17.29285714285714,0,0,0,0,0,Normal
2024-03-21,9,Campaign_9,efficient_low_scale,Display,North,Tablet,16283,657,82,525.79,9033.03,638.83,0.0403,0.1248,6.41,16.18,0.8231,,765.9514285714284,0.0579,0.17174285714285714,17.34285714285714,0,1,0,0,1,Moderate
2024-03-22,9,Campaign_9,efficient_low_scale,Display,North,Tablet,9375,737,104,733.95,7817.36,899.6,0.0786,0.1411,7.06,9.65,0.8159,,751.2814285714286,0.0604,0.17337142857142857,17.157142857142855,0,0,0,0,0,Normal
2024-03-23,9,Campaign_9,efficient_low_scale,Display,North,Tablet,13368,793,113,1333.09,8085.58,1634.74,0.0593,0.1425,11.8,5.07,0.8155,Spend Spike,868.5242857142857,0.06035714285714285,0.16702857142857144,14.861428571428572,0,0,0,0,0,Normal
2024-03-24,9,Campaign_9,efficient_low_scale,Display,North,Tablet,8247,530,80,604.82,6511.68,682.95,0.0643,0.1509,7.56,9.77,0.8856,,801.6642857142857,0.058742857142857145,0.1667428571428571,13.305714285714286,0,0,0,0,0,Normal
2024-03-25,9,Campaign_9,efficient_low_scale,Display,North,Tablet,5945,371,44,245.9,5406.52,313.94,0.0624,0.1186,5.59,20.99,0.7833,,787.9314285714285,0.06372857142857143,0.1486,12.847142857142856,0,0,0,0,0,Normal
2024-03-26,9,Campaign_9,efficient_low_scale,Display,North,Tablet,9194,708,113,799.82,14097.42,980.14,0.077,0.1596,7.08,16.63,0.816,,724.7471428571429,0.06412857142857144,0.14715714285714285,13.694285714285714,0,0,0,0,0,Normal
2024-03-27,9,Campaign_9,efficient_low_scale,Display,North,Tablet,11758,493,66,607.58,6417.68,728.97,0.0419,0.1339,9.21,9.56,0.8335,,692.9928571428572,0.06054285714285714,0.13877142857142857,12.549999999999999,0,1,0,0,1,Moderate
2024-03-28,9,Campaign_9,efficient_low_scale,Display,North,Tablet,10933,450,81,594.69,7839.28,794.57,0.0412,0.18,7.34,12.18,0.7484,,702.8357142857143,0.06067142857142858,0.14665714285714285,11.97857142857143,0,1,0,0,1,Moderate
2024-03-29,9,Campaign_9,efficient_low_scale,Display,North,Tablet,12216,614,113,810.28,13211.5,908.88,0.0503,0.184,7.17,15.3,0.8915,,713.74,0.05662857142857143,0.15278571428571427,12.785714285714286,0,0,0,0,0,Normal
2024-03-30,9,Campaign_9,efficient_low_scale,Display,North,Tablet,11319,692,119,741.92,11348.1,875.74,0.0611,0.172,6.23,14.3,0.8472,,629.2871428571428,0.05688571428571428,0.157,14.104285714285714,0,0,0,0,0,Normal
2024-01-01,10,Campaign_10,efficient_low_scale,Display,South,Mobile,12805,600,110,692.58,11368.75,833.18,0.0469,0.1833,6.3,15.42,0.8312,,,,,,0,0,0,0,0,Normal
2024-01-02,10,Campaign_10,efficient_low_scale,Display,South,Mobile,11165,732,107,970.26,11260.91,1176.39,0.0656,0.1462,9.07,10.61,0.8248,,,,,,0,0,0,0,0,Normal
2024-01-03,10,Campaign_10,efficient_low_scale,Display,South,Mobile,11731,511,81,414.15,9190.52,547.95,0.0436,0.1585,5.11,21.19,0.7558,,692.3299999999999,0.05203333333333334,0.16266666666666665,15.74,0,0,0,0,0,Normal
2024-01-04,10,Campaign_10,efficient_low_scale,Display,South,Mobile,12758,673,90,532.68,8557.03,628.64,0.0528,0.1337,5.92,15.06,0.8474,,652.4175,0.052225,0.155425,15.57,0,0,0,0,0,Normal
2024-01-05,10,Campaign_10,efficient_low_scale,Display,South,Mobile,12938,703,129,640.04,15190.77,722.55,0.0543,0.1835,4.96,22.73,0.8858,,649.942,0.05264,0.16104000000000002,17.002,0,0,0,0,0,Normal
2024-01-06,10,Campaign_10,efficient_low_scale,Display,South,Mobile,8752,447,76,580.5,5509.9,721.46,0.0511,0.17,7.64,8.49,0.8046,,638.3683333333333,0.05238333333333334,0.16253333333333334,15.583333333333334,0,0,0,0,0,Normal
2024-01-07,10,Campaign_10,efficient_low_scale,Display,South,Mobile,12376,769,124,864.62,10414.92,1017.95,0.0621,0.1612,6.97,11.05,0.8494,,670.6899999999999,0.053771428571428574,0.16234285714285715,14.935714285714285,0,0,0,0,0,Normal
2024-01-08,10,Campaign_10,efficient_low_scale,Display,South,Mobile,12260,824,112,1021.07,13236.41,1195.56,0.0672,0.1359,9.12,11.96,0.8541,,717.6171428571428,0.056671428571428574,0.15557142857142855,14.441428571428572,0,0,0,0,0,Normal
2024-01-09,10,Campaign_10,efficient_low_scale,Display,South,Mobile,10782,586,98,530.91,8650.6,600.61,0.0543,0.1672,5.42,15.29,0.884,,654.852857142857,0.05505714285714286,0.15857142857142856,15.11,0,0,0,0,0,Normal
2024-01-10,10,Campaign_10,efficient_low_scale,Display,South,Mobile,19256,1400,272,1450.49,29835.13,1728.66,0.0727,0.1943,5.33,19.57,0.8391,,802.9014285714286,0.05921428571428571,0.16368571428571427,14.87857142857143,1,0,0,0,1,Moderate
2024-01-11,10,Campaign_10,efficient_low_scale,Display,South,Mobile,14853,1103,168,740.63,16172.84,868.61,0.0743,0.1523,4.41,20.84,0.8527,,832.6085714285715,0.06228571428571429,0.16634285714285715,15.704285714285714,0,0,0,0,0,Normal
2024-01-12,10,Campaign_10,efficient_low_scale,Display,South,Mobile,15566,644,106,791.65,7529.95,1040.58,0.0414,0.1646,7.47,8.51,0.7608,,854.2671428571429,0.060442857142857145,0.16364285714285715,13.672857142857142,0,1,0,0,1,Moderate
2024-01-13,10,Campaign_10,efficient_low_scale,Display,South,Mobile,20420,1579,233,1150.76,24183.04,1424.28,0.0773,0.1476,4.94,20.01,0.808,,935.7328571428571,0.06418571428571428,0.16044285714285714,15.318571428571428,0,0,0,0,0,Normal
2024-01-14,10,Campaign_10,efficient_low_scale,Display,South,Mobile,9045,647,110,829.95,12566.66,1037.4,0.0715,0.17,7.55,14.14,0.8,,930.78,0.06552857142857142,0.1617,15.76,0,0,0,0,0,Normal
2024-01-15,10,Campaign_10,efficient_low_scale,Display,South,Mobile,8086,416,68,350.87,5112.75,425.39,0.0514,0.1635,5.16,13.57,0.8248,,835.0371428571428,0.06327142857142858,0.16564285714285715,15.989999999999998,0,0,0,0,0,Normal
2024-01-16,10,Campaign_10,efficient_low_scale,Display,South,Mobile,7114,416,52,448.68,5517.7,602.64,0.0585,0.125,8.63,11.3,0.7445,,823.2900000000001,0.06387142857142857,0.1596142857142857,15.42,0,0,0,0,0,Normal
2024-01-17,10,Campaign_10,efficient_low_scale,Display,South,Mobile,12097,611,87,616.54,10300.9,771.2,0.0505,0.1424,7.09,15.71,0.7995,,704.1542857142857,0.0607,0.15219999999999997,14.86857142857143,0,0,0,0,0,Normal
2024-01-18,10,Campaign_10,efficient_low_scale,Display,South,Mobile,7486,435,86,280.05,7851.88,343.28,0.0581,0.1977,3.26,27.04,0.8158,,638.3571428571429,0.058385714285714284,0.1586857142857143,15.754285714285714,0,0,0,0,0,Normal
2024-01-19,10,Campaign_10,efficient_low_scale,Display,South,Mobile,18185,1410,260,1805.45,26788.51,2122.99,0.0775,0.1844,6.94,13.84,0.8504,,783.1857142857143,0.06354285714285714,0.16151428571428572,16.515714285714285,1,0,0,0,1,Moderate
2024-01-20,10,Campaign_10,efficient_low_scale,Display,South,Mobile,12116,610,85,853.12,6908.42,1002.9,0.0503,0.1393,10.04,7.1,0.8507,,740.6657142857142,0.059685714285714286,0.16032857142857143,14.671428571428569,0,0,0,0,0,Normal
2024-01-21,10,Campaign_10,efficient_low_scale,Display,South,Mobile,9510,557,86,690.54,9835.69,831.96,0.0586,0.1544,8.03,13.24,0.83,,720.75,0.05784285714285714,0.1581,14.542857142857144,0,0,0,0,0,Normal
2024-01-22,10,Campaign_10,efficient_low_scale,Display,South,Mobile,9138,385,66,479.72,6634.39,591.91,0.0421,0.1714,7.27,12.83,0.8105,,739.157142857143,0.056514285714285704,0.15922857142857144,14.437142857142858,0,0,0,0,0,Normal
2024-01-23,10,Campaign_10,efficient_low_scale,Display,South,Mobile,10667,632,102,872.28,13050.52,1136.39,0.0592,0.1614,8.55,13.96,0.7676,,799.6714285714286,0.056614285714285714,0.16442857142857142,14.817142857142857,0,0,0,0,0,Normal
2024-01-24,10,Campaign_10,efficient_low_scale,Display,South,Mobile,15024,775,145,705.33,12961.79,839.93,0.0516,0.1871,4.86,17.38,0.8397,,812.3557142857143,0.05677142857142857,0.17081428571428572,15.055714285714284,0,0,0,0,0,Normal
2024-01-25,10,Campaign_10,efficient_low_scale,Display,South,Mobile,11944,615,102,659.95,11541.5,810.82,0.0515,0.1659,6.47,16.49,0.8139,,866.6271428571428,0.055828571428571436,0.16627142857142857,13.54857142857143,0,0,0,0,0,Normal
2024-01-26,10,Campaign_10,efficient_low_scale,Display,South,Mobile,13279,849,106,1411.08,13344.28,1658.85,0.0639,0.1249,13.31,8.46,0.8506,Spend Spike,810.2885714285713,0.05388571428571428,0.1577714285714286,12.78,0,0,0,0,0,Normal
2024-01-27,10,Campaign_10,efficient_low_scale,Display,South,Mobile,13320,1017,173,668.7,21545.48,748.56,0.0764,0.1701,3.87,31.22,0.8933,,783.9428571428572,0.057614285714285715,0.16217142857142858,16.225714285714286,0,0,0,0,0,Normal
2024-01-28,10,Campaign_10,efficient_low_scale,Display,South,Mobile,10395,546,78,394.12,6695.41,505.74,0.0525,0.1429,5.05,15.99,0.7793,,741.5971428571429,0.056742857142857143,0.1605285714285714,16.61857142857143,0,0,0,0,0,Normal
2024-01-29,10,Campaign_10,efficient_low_scale,Display,South,Mobile,8738,501,67,377.2,7780.43,487.27,0.0573,0.1337,5.63,19.63,0.7741,,726.9514285714286,0.05891428571428571,0.15514285714285717,17.59,0,0,0,0,0,Normal
2024-01-30,10,Campaign_10,efficient_low_scale,Display,South,Mobile,14585,1081,130,1458.62,9928.97,1780.56,0.0741,0.1203,11.22,5.81,0.8192,,810.7142857142857,0.06104285714285714,0.14927142857142855,16.425714285714285,0,0,0,0,0,Normal
2024-01-31,10,Campaign_10,efficient_low_scale,Display,South,Mobile,15729,938,179,1168.15,12569.27,1408.14,0.0596,0.1908,6.53,9.76,0.8296,,876.8314285714285,0.06218571428571429,0.1498,15.337142857142855,0,0,0,0,0,Normal
2024-02-01,10,Campaign_10,efficient_low_scale,Display,South,Mobile,14565,948,171,1149.18,15625.24,1494.27,0.0651,0.1804,6.72,12.6,0.7691,,946.7214285714286,0.06412857142857144,0.15187142857142857,14.781428571428572,0,0,0,0,0,Normal
2024-02-02,10,Campaign_10,efficient_low_scale,Display,South,Mobile,13972,1105,150,853.38,13126.8,1019.65,0.0791,0.1357,5.69,14.38,0.8369,,867.0500000000001,0.0663,0.15341428571428573,15.627142857142857,0,0,0,0,0,Normal
2024-02-03,10,Campaign_10,efficient_low_scale,Display,South,Mobile,7302,565,69,434.04,7172.78,512.09,0.0774,0.1221,6.29,15.53,0.8476,,833.5271428571428,0.06644285714285714,0.14655714285714286,13.385714285714286,0,0,0,0,0,Normal
2024-02-04,10,Campaign_10,efficient_low_scale,Display,South,Mobile,13937,959,181,1077.21,18225.87,1199.33,0.0688,0.1887,5.95,15.92,0.8982,,931.1114285714285,0.06877142857142857,0.15309999999999999,13.375714285714285,0,0,0,0,0,Normal
2024-02-05,10,Campaign_10,efficient_low_scale,Display,South,Mobile,7155,395,20,333.58,2111.58,409.12,0.0552,0.0506,16.68,5.33,0.8154,Conversion Drop,924.88,0.06847142857142859,0.14122857142857143,11.332857142857142,0,0,1,0,1,Moderate
2024-02-06,10,Campaign_10,efficient_low_scale,Display,South,Mobile,16969,833,158,1344.3,18195.85,1508.26,0.0491,0.1897,8.51,12.54,0.8913,Spend Spike,908.5485714285714,0.0649,0.15114285714285716,12.294285714285715,0,0,0,0,0,Normal
2024-02-07,10,Campaign_10,efficient_low_scale,Display,South,Mobile,10399,588,84,529.25,8445.07,710.38,0.0565,0.1429,6.3,14.96,0.745,,817.277142857143,0.06445714285714285,0.1443,13.037142857142857,0,0,0,0,0,Normal
2024-02-08,10,Campaign_10,efficient_low_scale,Display,South,Mobile,8317,374,70,332.76,7673.97,382.58,0.045,0.1872,4.75,22.06,0.8698,,700.6457142857143,0.061585714285714285,0.14527142857142858,14.388571428571428,0,0,0,0,0,Normal
2024-02-09,10,Campaign_10,efficient_low_scale,Display,South,Mobile,13479,774,139,977.05,16162.17,1208.58,0.0574,0.1796,7.03,15.54,0.8084,,718.3128571428571,0.05848571428571429,0.15154285714285717,14.554285714285713,0,0,0,0,0,Normal
2024-02-10,10,Campaign_10,efficient_low_scale,Display,South,Mobile,17512,928,146,1208.19,10572.86,1462.44,0.053,0.1573,8.28,7.75,0.8261,,828.9057142857143,0.05499999999999999,0.15657142857142858,13.442857142857141,0,0,0,0,0,Normal
2024-02-11,10,Campaign_10,efficient_low_scale,Display,South,Mobile,13193,463,143,524.87,17831.33,1447.32,0.0351,0.3089,3.67,32.97,0.3626,CTR Drop,750.0,0.050185714285714285,0.17374285714285717,15.87857142857143,0,1,0,0,1,Moderate
2024-02-12,10,Campaign_10,efficient_low_scale,Display,South,Mobile,16335,906,133,2260.7,10118.18,2648.03,0.0555,0.1468,17.0,3.48,0.8537,Spend Spike,1025.3028571428572,0.050228571428571435,0.18748571428571428,15.614285714285714,1,0,0,0,1,Moderate
2024-02-13,10,Campaign_10,efficient_low_scale,Display,South,Mobile,9432,703,97,465.97,8864.28,578.7,0.0745,0.138,4.8,18.02,0.8052,,899.8271428571428,0.05385714285714286,0.1801,16.397142857142857,0,0,0,0,0,Normal
2024-02-14,10,Campaign_10,efficient_low_scale,Display,South,Mobile,6906,443,70,280.0,9034.15,318.66,0.0641,0.158,4.0,31.26,0.8787,,864.22,0.05494285714285714,0.18225714285714287,18.725714285714286,0,0,0,0,0,Normal
2024-02-15,10,Campaign_10,efficient_low_scale,Display,South,Mobile,11357,743,116,959.02,14502.05,1091.77,0.0654,0.1561,8.27,14.12,0.8784,,953.6857142857143,0.057857142857142864,0.17781428571428573,17.591428571428573,0,0,0,0,0,Normal
2024-02-16,10,Campaign_10,efficient_low_scale,Display,South,Mobile,14034,782,134,1129.76,16878.49,1296.31,0.0557,0.1714,8.43,13.94,0.8715,Spend Spike,975.5014285714286,0.057614285714285715,0.17664285714285716,17.36285714285714,0,0,0,0,0,Normal
2024-02-17,10,Campaign_10,efficient_low_scale,Display,South,Mobile,12480,913,131,889.44,11314.16,1175.8,0.0732,0.1435,6.79,11.72,0.7565,,929.9657142857143,0.0605,0.1746714285714286,17.93,0,0,0,0,0,Normal
2024-02-18,10,Campaign_10,efficient_low_scale,Display,South,Mobile,13374,570,107,650.75,12488.07,1483.03,0.0426,0.1877,6.08,18.19,0.4388,CTR Drop,947.9485714285713,0.06157142857142857,0.15735714285714283,15.818571428571428,0,1,0,0,1,Moderate
2024-02-19,10,Campaign_10,efficient_low_scale,Display,South,Mobile,18812,762,92,1050.32,7662.41,1286.52,0.0405,0.1207,11.42,6.3,0.8164,,775.0371428571428,0.05942857142857143,0.15362857142857142,16.22142857142857,0,1,0,0,1,Moderate
2024-02-20,10,Campaign_10,efficient_low_scale,Display,South,Mobile,12897,896,131,2665.11,12571.55,3128.08,0.0695,0.1462,20.34,3.72,0.852,Spend Spike,1089.2,0.05871428571428572,0.1548,14.178571428571429,1,0,0,0,1,Moderate
2024-02-21,10,Campaign_10,efficient_low_scale,Display,South,Mobile,11954,496,98,488.85,11305.3,544.59,0.0415,0.1976,4.99,22.13,0.8976,,1119.0357142857142,0.05548571428571429,0.16045714285714285,12.874285714285715,0,0,0,0,0,Normal
2024-02-22,10,Campaign_10,efficient_low_scale,Display,South,Mobile,13517,668,127,405.7,10424.66,508.48,0.0494,0.1901,3.19,24.7,0.7979,,1039.99,0.053200000000000004,0.16531428571428572,14.385714285714286,0,0,0,0,0,Normal
2024-02-23,10,Campaign_10,efficient_low_scale,Display,South,Mobile,7610,506,82,696.03,9302.03,783.92,0.0665,0.1621,8.49,12.36,0.8879,,978.0285714285714,0.05474285714285715,0.16398571428571426,14.16,0,0,0,0,0,Normal
2024-02-24,10,Campaign_10,efficient_low_scale,Display,South,Mobile,14461,1103,203,719.89,22645.54,955.2,0.0763,0.184,3.55,30.46,0.7537,,953.8071428571429,0.055185714285714296,0.1697714285714286,16.837142857142858,0,0,0,0,0,Normal
2024-02-25,10,Campaign_10,efficient_low_scale,Display,South,Mobile,13674,771,122,506.06,10576.01,676.24,0.0564,0.1582,4.15,19.9,0.7483,,933.1371428571427,0.05715714285714286,0.16555714285714287,17.08142857142857,0,0,0,0,0,Normal
2024-02-26,10,Campaign_10,efficient_low_scale,Display,South,Mobile,9478,578,104,349.15,13006.81,469.97,0.061,0.1799,3.36,36.25,0.7429,,832.97,0.06008571428571429,0.1740142857142857,21.359999999999996,0,0,0,0,0,Normal
2024-02-27,10,Campaign_10,efficient_low_scale,Display,South,Mobile,12436,629,122,739.68,14057.92,895.57,0.0506,0.194,6.06,18.01,0.8259,,557.9085714285713,0.05738571428571428,0.18084285714285714,23.40142857142857,0,0,0,0,0,Normal
2024-02-28,10,Campaign_10,efficient_low_scale,Display,South,Mobile,10009,496,70,623.16,7354.14,735.09,0.0496,0.1411,8.9,10.8,0.8477,,577.0957142857143,0.05854285714285714,0.17277142857142858,21.782857142857146,0,0,0,0,0,Normal
2024-02-29,10,Campaign_10,efficient_low_scale,Display,South,Mobile,15540,1075,164,1186.13,18361.24,1354.15,0.0692,0.1526,7.23,14.48,0.8759,,688.5857142857143,0.06137142857142857,0.1674142857142857,20.322857142857142,0,0,0,0,0,Normal
2024-03-01,10,Campaign_10,efficient_low_scale,Display,South,Mobile,16394,836,160,1048.58,14524.15,1302.73,0.051,0.1914,6.55,12.85,0.8049,,738.9499999999999,0.05915714285714286,0.1716,20.392857142857146,0,0,0,0,0,Normal
2024-03-02,10,Campaign_10,efficient_low_scale,Display,South,Mobile,13100,732,106,1013.94,8276.99,1238.4,0.0559,0.1448,9.57,7.16,0.8188,,780.9571428571428,0.056242857142857136,0.16599999999999998,17.064285714285713,0,0,0,0,0,Normal
2024-03-03,10,Campaign_10,efficient_low_scale,Display,South,Mobile,13151,725,116,785.94,12016.84,963.75,0.0551,0.16,6.78,14.29,0.8155,,820.9399999999999,0.05605714285714286,0.16625714285714288,16.262857142857143,0,0,0,0,0,Normal
2024-03-04,10,Campaign_10,efficient_low_scale,Display,South,Mobile,13070,923,179,1253.29,16493.25,1550.07,0.0706,0.1939,7.0,12.16,0.8085,,950.102857142857,0.05742857142857143,0.16825714285714286,12.821428571428571,0,0,0,0,0,Normal
2024-03-05,10,Campaign_10,efficient_low_scale,Display,South,Mobile,11586,690,107,833.69,10188.54,1105.17,0.0596,0.1551,7.79,11.22,0.7544,,963.5328571428572,0.05871428571428571,0.1627,11.85142857142857,0,0,0,0,0,Normal
2024-03-06,10,Campaign_10,efficient_low_scale,Display,South,Mobile,15225,698,117,734.71,13207.21,975.74,0.0458,0.1676,6.28,16.98,0.753,,979.4685714285715,0.058171428571428575,0.1664857142857143,12.734285714285715,0,0,0,0,0,Normal
2024-03-07,10,Campaign_10,efficient_low_scale,Display,South,Mobile,17181,1058,208,850.79,25273.71,1057.0,0.0616,0.1966,4.09,28.71,0.8049,,931.5628571428571,0.05708571428571428,0.17277142857142858,14.767142857142858,0,0,0,0,0,Normal
2024-03-08,10,Campaign_10,efficient_low_scale,Display,South,Mobile,12711,897,128,1175.15,11785.09,1497.11,0.0706,0.1427,9.18,9.03,0.7849,,949.6442857142857,0.059885714285714285,0.1658142857142857,14.221428571428572,0,0,0,0,0,Normal
2024-03-09,10,Campaign_10,efficient_low_scale,Display,South,Mobile,13191,960,184,667.98,18752.54,816.64,0.0728,0.1917,3.63,27.07,0.818,,900.2214285714286,0.06230000000000001,0.17251428571428568,17.065714285714286,0,0,0,0,0,Normal
2024-03-10,10,Campaign_10,efficient_low_scale,Display,South,Mobile,19922,1444,271,1922.65,23283.54,2269.05,0.0725,0.1877,7.09,11.11,0.8473,,1062.6085714285714,0.0647857142857143,0.17647142857142858,16.611428571428572,1,0,0,0,1,Moderate
2024-03-11,10,Campaign_10,efficient_low_scale,Display,South,Mobile,15447,1062,165,854.95,13435.09,940.53,0.0688,0.1554,5.18,14.71,0.909,,1005.7028571428572,0.06452857142857142,0.17097142857142858,16.975714285714286,0,0,0,0,0,Normal
2024-03-12,10,Campaign_10,efficient_low_scale,Display,South,Mobile,13129,727,115,1433.27,10262.91,1755.76,0.0554,0.1582,12.46,6.16,0.8163,Spend Spike,1091.357142857143,0.06392857142857143,0.1714142857142857,16.252857142857145,0,0,0,0,0,Normal
2024-03-13,10,Campaign_10,efficient_low_scale,Display,South,Mobile,12611,722,130,1006.52,14240.47,1163.03,0.0573,0.1801,7.74,13.15,0.8654,,1130.1871428571428,0.06557142857142857,0.17320000000000002,15.705714285714285,0,0,0,0,0,Normal
2024-03-14,10,Campaign_10,efficient_low_scale,Display,South,Mobile,9137,549,20,453.92,2538.11,581.29,0.0601,0.0364,22.7,4.59,0.7809,Conversion Drop,1073.4914285714287,0.06535714285714286,0.1503142857142857,12.26,0,0,1,0,1,Moderate
2024-03-15,10,Campaign_10,efficient_low_scale,Display,South,Mobile,8762,556,106,624.14,9639.97,811.63,0.0635,0.1906,5.89,14.45,0.769,,994.7757142857143,0.06434285714285715,0.15715714285714286,13.034285714285716,0,0,0,0,0,Normal
2024-03-16,10,Campaign_10,efficient_low_scale,Display,South,Mobile,13707,915,115,736.89,12975.92,884.71,0.0668,0.1257,6.41,16.61,0.8329,,1004.62,0.06348571428571428,0.14772857142857143,11.540000000000001,0,0,0,0,0,Normal
2024-03-17,10,Campaign_10,efficient_low_scale,Display,South,Mobile,7592,395,58,257.98,7502.94,326.02,0.052,0.1468,4.45,28.08,0.7913,,766.8100000000001,0.06055714285714286,0.1418857142857143,13.964285714285714,0,0,0,0,0,Normal
2024-03-18,10,Campaign_10,efficient_low_scale,Display,South,Mobile,8634,529,83,614.85,6148.69,709.32,0.0613,0.1569,7.41,9.0,0.8668,,732.51,0.05948571428571429,0.14210000000000003,13.148571428571428,0,0,0,0,0,Normal
2024-03-19,10,Campaign_10,efficient_low_scale,Display,South,Mobile,12740,297,92,402.06,9302.08,970.8,0.0233,0.3098,4.37,22.14,0.4142,CTR Drop,585.1942857142858,0.0549,0.16375714285714288,15.43142857142857,0,1,0,0,1,Moderate
2024-03-20,10,Campaign_10,efficient_low_scale,Display,South,Mobile,11761,709,132,623.81,12604.64,739.28,0.0603,0.1862,4.73,19.21,0.8438,,530.5214285714285,0.05532857142857143,0.16462857142857143,16.29714285714286,0,0,0,0,0,Normal
2024-03-21,10,Campaign_10,efficient_low_scale,Display,South,Mobile,17151,1331,194,843.54,19356.88,1051.88,0.0776,0.1458,4.35,21.95,0.8019,,586.1814285714287,0.05782857142857143,0.18025714285714287,18.777142857142856,0,0,0,0,0,Normal
2024-03-22,10,Campaign_10,efficient_low_scale,Display,South,Mobile,8053,549,76,447.82,8305.75,514.38,0.0682,0.1384,5.89,17.55,0.8706,,560.9928571428571,0.058499999999999996,0.1728,19.22,0,0,0,0,0,Normal
2024-03-23,10,Campaign_10,efficient_low_scale,Display,South,Mobile,14876,1131,70,1251.58,5317.88,1414.98,0.076,0.0619,17.88,3.25,0.8845,Conversion Drop,634.5199999999999,0.059814285714285716,0.1636857142857143,17.31142857142857,1,0,1,0,2,Moderate
2024-03-24,10,Campaign_10,efficient_low_scale,Display,South,Mobile,19600,1319,230,1320.94,26835.63,1644.49,0.0673,0.1744,5.74,19.32,0.8033,,786.3714285714286,0.06199999999999999,0.16762857142857143,16.06,0,0,0,0,0,Normal
2024-03-25,10,Campaign_10,efficient_low_scale,Display,South,Mobile,9888,781,111,733.4,12098.09,955.3,0.079,0.1421,6.61,15.5,0.7677,,803.3071428571428,0.06452857142857142,0.1655142857142857,16.98857142857143,0,0,0,0,0,Normal
2024-03-26,10,Campaign_10,efficient_low_scale,Display,South,Mobile,7704,558,72,343.01,8019.24,430.99,0.0724,0.129,4.76,22.38,0.7959,,794.8714285714285,0.07154285714285714,0.13968571428571427,17.02285714285714,0,0,0,0,0,Normal
2024-03-27,10,Campaign_10,efficient_low_scale,Display,South,Mobile,9896,627,100,624.84,8996.4,701.31,0.0634,0.1595,6.25,13.4,0.891,,795.0185714285715,0.07198571428571429,0.13587142857142856,16.192857142857143,0,0,0,0,0,Normal
2024-03-28,10,Campaign_10,efficient_low_scale,Display,South,Mobile,7264,379,66,489.35,5803.5,557.26,0.0522,0.1741,7.41,10.86,0.8781,,744.42,0.06835714285714285,0.1399142857142857,14.608571428571429,0,0,0,0,0,Normal
2024-03-29,10,Campaign_10,efficient_low_scale,Display,South,Mobile,16356,1081,142,1127.96,14431.3,1342.95,0.0661,0.1314,7.94,11.79,0.8399,,841.5828571428572,0.06805714285714286,0.1389142857142857,13.785714285714286,0,0,0,0,0,Normal
2024-03-30,10,Campaign_10,efficient_low_scale,Display,South,Mobile,9557,558,75,428.71,5353.71,494.16,0.0584,0.1344,5.72,11.49,0.8676,,724.03,0.06554285714285714,0.14927142857142855,14.962857142857144,0,0,0,0,0,Normal
